Store Number,Store Name,Address,City Name,Province Name,Postal Code,Banner Name,Store Status
0512,Store 0512,Unknown,Unknown,ALBERTA,Unknown,FRESON,ACTIVE
0508,Store 0508,Unknown,Unknown,ALBERTA,Unknown,FRESON,INACTIVE
0514,Store 0514,Unknown,Unknown,ALBERTA,Unknown,FRESON,ACTIVE
0517,Store 0517,Unknown,Unknown,ALBERTA,Unknown,FRESON,ACTIVE
0519,Store 0519,Unknown,Unknown,ALBERTA,Unknown,FRESON,ACTIVE
0502,Store 0502,Unknown,Unknown,ALBERTA,Unknown,FRESON,ACTIVE
0516,Store 0516,Unknown,Unknown,ALBERTA,Unknown,FRESON,ACTIVE
0513,Store 0513,Unknown,Unknown,ALBERTA,Unknown,FRESON,ACTIVE
0509,Store 0509,Unknown,Unknown,ALBERTA,Unknown,FRESON,INACTIVE
0510,Store 0510,Unknown,Unknown,ALBERTA,Unknown,FRESON,INACTIVE
0504,Store 0504,Unknown,Unknown,ALBERTA,Unknown,FRESON,ACTIVE
0505,Store 0505,Unknown,Unknown,ALBERTA,Unknown,FRESON,ACTIVE
0501,Store 0501,Unknown,Unknown,ALBERTA,Unknown,FRESON,ACTIVE
0506,Store 0506,Unknown,Unknown,ALBERTA,Unknown,FRESON,ACTIVE
0507,Store 0507,Unknown,Unknown,ALBERTA,Unknown,FRESON,ACTIVE
0515,Store 0515,Unknown,Unknown,ALBERTA,Unknown,FRESON,ACTIVE
0503,Store 0503,Unknown,Unknown,ALBERTA,Unknown,FRESON,ACTIVE
0518,Store 0518,Unknown,Unknown,ALBERTA,Unknown,FRESON,ACTIVE
0511,Store 0511,Unknown,Unknown,ALBERTA,Unknown,FRESON,ACTIVE
4703,Store 4703,Unknown,Unknown,BRITISH COLUMBIA,Unknown,QUALITY FOODS,ACTIVE
4716,Store 4716,Unknown,Unknown,BRITISH COLUMBIA,Unknown,QUALITY FOODS,ACTIVE
4708,Store 4708,Unknown,Unknown,BRITISH COLUMBIA,Unknown,QUALITY FOODS,ACTIVE
4705,Store 4705,Unknown,Unknown,BRITISH COLUMBIA,Unknown,QUALITY FOODS,ACTIVE
4709,Store 4709,Unknown,Unknown,BRITISH COLUMBIA,Unknown,QUALITY FOODS,ACTIVE
4713,Store 4713,Unknown,Unknown,BRITISH COLUMBIA,Unknown,QUALITY FOODS,ACTIVE
4714,Store 4714,Unknown,Unknown,BRITISH COLUMBIA,Unknown,QUALITY FOODS,ACTIVE
4710,Store 4710,Unknown,Unknown,BRITISH COLUMBIA,Unknown,QUALITY FOODS,ACTIVE
4712,Store 4712,Unknown,Unknown,BRITISH COLUMBIA,Unknown,QUALITY FOODS,ACTIVE
4711,Store 4711,Unknown,Unknown,BRITISH COLUMBIA,Unknown,QUALITY FOODS,ACTIVE
4704,Store 4704,Unknown,Unknown,BRITISH COLUMBIA,Unknown,QUALITY FOODS,ACTIVE
4702,Store 4702,Unknown,Unknown,BRITISH COLUMBIA,Unknown,QUALITY FOODS,ACTIVE
4706,Store 4706,Unknown,Unknown,BRITISH COLUMBIA,Unknown,QUALITY FOODS,ACTIVE
4707,Store 4707,Unknown,Unknown,BRITISH COLUMBIA,Unknown,QUALITY FOODS,ACTIVE
4521,Store 4521,Unknown,Unknown,ALBERTA,Unknown,BUY-LOW FOODS,INACTIVE
4519,Store 4519,Unknown,Unknown,BRITISH COLUMBIA,Unknown,BUY-LOW FOODS,ACTIVE
4531,Store 4531,Unknown,Unknown,BRITISH COLUMBIA,Unknown,BUY-LOW FOODS,ACTIVE
4538,Store 4538,Unknown,Unknown,BRITISH COLUMBIA,Unknown,BUY-LOW FOODS,ACTIVE
4522,Store 4522,Unknown,Unknown,BRITISH COLUMBIA,Unknown,BUY-LOW FOODS,ACTIVE
4520,Store 4520,Unknown,Unknown,BRITISH COLUMBIA,Unknown,BUY-LOW FOODS,ACTIVE
4525,Store 4525,Unknown,Unknown,BRITISH COLUMBIA,Unknown,BUY-LOW FOODS,ACTIVE
4526,Store 4526,Unknown,Unknown,BRITISH COLUMBIA,Unknown,BUY-LOW FOODS,ACTIVE
4535,Store 4535,Unknown,Unknown,BRITISH COLUMBIA,Unknown,BUY-LOW FOODS,ACTIVE
4533,Store 4533,Unknown,Unknown,BRITISH COLUMBIA,Unknown,BUY-LOW FOODS,ACTIVE
4528,Store 4528,Unknown,Unknown,BRITISH COLUMBIA,Unknown,BUY-LOW FOODS,ACTIVE
4536,Store 4536,Unknown,Unknown,BRITISH COLUMBIA,Unknown,BUY-LOW FOODS,ACTIVE
4532,Store 4532,Unknown,Unknown,BRITISH COLUMBIA,Unknown,BUY-LOW FOODS,ACTIVE
4802,Store 4802,Unknown,Unknown,BRITISH COLUMBIA,Unknown,BUY-LOW FOODS,ACTIVE
4523,Store 4523,Unknown,Unknown,BRITISH COLUMBIA,Unknown,BUY-LOW FOODS,ACTIVE
4534,Store 4534,Unknown,Unknown,BRITISH COLUMBIA,Unknown,BUY-LOW FOODS,ACTIVE
4560,Store 4560,Unknown,Unknown,BRITISH COLUMBIA,Unknown,BUY-LOW FOODS,ACTIVE
4545,Store 4545,Unknown,Unknown,ALBERTA,Unknown,NESTERS FINE MARKET,ACTIVE
4552,Store 4552,Unknown,Unknown,ALBERTA,Unknown,NESTERS FINE MARKET,ACTIVE
4548,Store 4548,Unknown,Unknown,BRITISH COLUMBIA,Unknown,NESTERS FINE MARKET,ACTIVE
4544,Store 4544,Unknown,Unknown,BRITISH COLUMBIA,Unknown,NESTERS FINE MARKET,ACTIVE
4543,Store 4543,Unknown,Unknown,BRITISH COLUMBIA,Unknown,NESTERS FINE MARKET,ACTIVE
4550,Store 4550,Unknown,Unknown,BRITISH COLUMBIA,Unknown,NESTERS FINE MARKET,ACTIVE
4512,Store 4512,Unknown,Unknown,BRITISH COLUMBIA,Unknown,NESTERS FINE MARKET,ACTIVE
4558,Store 4558,Unknown,Unknown,BRITISH COLUMBIA,Unknown,NESTERS FINE MARKET,ACTIVE
4553,Store 4553,Unknown,Unknown,BRITISH COLUMBIA,Unknown,NESTERS FINE MARKET,ACTIVE
4541,Store 4541,Unknown,Unknown,BRITISH COLUMBIA,Unknown,NESTERS FINE MARKET,ACTIVE
4542,Store 4542,Unknown,Unknown,BRITISH COLUMBIA,Unknown,NESTERS FINE MARKET,ACTIVE
4549,Store 4549,Unknown,Unknown,BRITISH COLUMBIA,Unknown,NESTERS FINE MARKET,ACTIVE
4551,Store 4551,Unknown,Unknown,BRITISH COLUMBIA,Unknown,NESTERS FINE MARKET,ACTIVE
4555,Store 4555,Unknown,Unknown,BRITISH COLUMBIA,Unknown,NESTERS FINE MARKET,ACTIVE
4556,Store 4556,Unknown,Unknown,BRITISH COLUMBIA,Unknown,NESTERS FINE MARKET,ACTIVE
4557,Store 4557,Unknown,Unknown,BRITISH COLUMBIA,Unknown,NESTERS FINE MARKET,ACTIVE
4554,Store 4554,Unknown,Unknown,BRITISH COLUMBIA,Unknown,NESTERS FINE MARKET,ACTIVE
2280,Store 2280,Unknown,Unknown,BRITISH COLUMBIA,Unknown,PRICESMART,ACTIVE
2281,Store 2281,Unknown,Unknown,BRITISH COLUMBIA,Unknown,PRICESMART,ACTIVE
2274,Store 2274,Unknown,Unknown,BRITISH COLUMBIA,Unknown,PRICESMART,ACTIVE
6602,Store 6602,Unknown,Unknown,ALBERTA,Unknown,SAVE-ON-FOODS,ACTIVE
6603,Store 6603,Unknown,Unknown,ALBERTA,Unknown,SAVE-ON-FOODS,ACTIVE
6648,Store 6648,Unknown,Unknown,ALBERTA,Unknown,SAVE-ON-FOODS,ACTIVE
6646,Store 6646,Unknown,Unknown,ALBERTA,Unknown,SAVE-ON-FOODS,ACTIVE
6604,Store 6604,Unknown,Unknown,ALBERTA,Unknown,SAVE-ON-FOODS,ACTIVE
6606,Store 6606,Unknown,Unknown,ALBERTA,Unknown,SAVE-ON-FOODS,ACTIVE
6629,Store 6629,Unknown,Unknown,ALBERTA,Unknown,SAVE-ON-FOODS,ACTIVE
6631,Store 6631,Unknown,Unknown,ALBERTA,Unknown,SAVE-ON-FOODS,ACTIVE
6632,Store 6632,Unknown,Unknown,ALBERTA,Unknown,SAVE-ON-FOODS,ACTIVE
6633,Store 6633,Unknown,Unknown,ALBERTA,Unknown,SAVE-ON-FOODS,ACTIVE
6634,Store 6634,Unknown,Unknown,ALBERTA,Unknown,SAVE-ON-FOODS,ACTIVE
6636,Store 6636,Unknown,Unknown,ALBERTA,Unknown,SAVE-ON-FOODS,ACTIVE
6638,Store 6638,Unknown,Unknown,ALBERTA,Unknown,SAVE-ON-FOODS,ACTIVE
6647,Store 6647,Unknown,Unknown,ALBERTA,Unknown,SAVE-ON-FOODS,ACTIVE
6618,Store 6618,Unknown,Unknown,ALBERTA,Unknown,SAVE-ON-FOODS,ACTIVE
6635,Store 6635,Unknown,Unknown,ALBERTA,Unknown,SAVE-ON-FOODS,ACTIVE
6637,Store 6637,Unknown,Unknown,ALBERTA,Unknown,SAVE-ON-FOODS,ACTIVE
6644,Store 6644,Unknown,Unknown,ALBERTA,Unknown,SAVE-ON-FOODS,ACTIVE
6609,Store 6609,Unknown,Unknown,ALBERTA,Unknown,SAVE-ON-FOODS,ACTIVE
6612,Store 6612,Unknown,Unknown,ALBERTA,Unknown,SAVE-ON-FOODS,ACTIVE
6613,Store 6613,Unknown,Unknown,ALBERTA,Unknown,SAVE-ON-FOODS,ACTIVE
6614,Store 6614,Unknown,Unknown,ALBERTA,Unknown,SAVE-ON-FOODS,ACTIVE
6615,Store 6615,Unknown,Unknown,ALBERTA,Unknown,SAVE-ON-FOODS,ACTIVE
6619,Store 6619,Unknown,Unknown,ALBERTA,Unknown,SAVE-ON-FOODS,ACTIVE
6620,Store 6620,Unknown,Unknown,ALBERTA,Unknown,SAVE-ON-FOODS,ACTIVE
6622,Store 6622,Unknown,Unknown,ALBERTA,Unknown,SAVE-ON-FOODS,ACTIVE
6630,Store 6630,Unknown,Unknown,ALBERTA,Unknown,SAVE-ON-FOODS,ACTIVE
6661,Store 6661,Unknown,Unknown,ALBERTA,Unknown,SAVE-ON-FOODS,INACTIVE
6662,Store 6662,Unknown,Unknown,ALBERTA,Unknown,SAVE-ON-FOODS,ACTIVE
6664,Store 6664,Unknown,Unknown,ALBERTA,Unknown,SAVE-ON-FOODS,ACTIVE
6667,Store 6667,Unknown,Unknown,ALBERTA,Unknown,SAVE-ON-FOODS,ACTIVE
6670,Store 6670,Unknown,Unknown,ALBERTA,Unknown,SAVE-ON-FOODS,ACTIVE
6672,Store 6672,Unknown,Unknown,ALBERTA,Unknown,SAVE-ON-FOODS,ACTIVE
6673,Store 6673,Unknown,Unknown,ALBERTA,Unknown,SAVE-ON-FOODS,ACTIVE
6607,Store 6607,Unknown,Unknown,ALBERTA,Unknown,SAVE-ON-FOODS,ACTIVE
6616,Store 6616,Unknown,Unknown,ALBERTA,Unknown,SAVE-ON-FOODS,ACTIVE
6617,Store 6617,Unknown,Unknown,ALBERTA,Unknown,SAVE-ON-FOODS,ACTIVE
6628,Store 6628,Unknown,Unknown,ALBERTA,Unknown,SAVE-ON-FOODS,ACTIVE
6649,Store 6649,Unknown,Unknown,ALBERTA,Unknown,SAVE-ON-FOODS,ACTIVE
6642,Store 6642,Unknown,Unknown,ALBERTA,Unknown,SAVE-ON-FOODS,INACTIVE
6645,Store 6645,Unknown,Unknown,ALBERTA,Unknown,SAVE-ON-FOODS,ACTIVE
6650,Store 6650,Unknown,Unknown,ALBERTA,Unknown,SAVE-ON-FOODS,ACTIVE
6643,Store 6643,Unknown,Unknown,ALBERTA,Unknown,SAVE-ON-FOODS,ACTIVE
6623,Store 6623,Unknown,Unknown,ALBERTA,Unknown,SAVE-ON-FOODS,ACTIVE
6682,Store 6682,Unknown,Unknown,ALBERTA,Unknown,SAVE-ON-FOODS,ACTIVE
6686,Store 6686,Unknown,Unknown,ALBERTA,Unknown,SAVE-ON-FOODS,ACTIVE
6663,Store 6663,Unknown,Unknown,ALBERTA,Unknown,SAVE-ON-FOODS,ACTIVE
6678,Store 6678,Unknown,Unknown,ALBERTA,Unknown,SAVE-ON-FOODS,ACTIVE
6679,Store 6679,Unknown,Unknown,ALBERTA,Unknown,SAVE-ON-FOODS,ACTIVE
6608,Store 6608,Unknown,Unknown,ALBERTA,Unknown,SAVE-ON-FOODS,ACTIVE
6665,Store 6665,Unknown,Unknown,ALBERTA,Unknown,SAVE-ON-FOODS,ACTIVE
6675,Store 6675,Unknown,Unknown,ALBERTA,Unknown,SAVE-ON-FOODS,ACTIVE
0929,Store 0929,Unknown,Unknown,BRITISH COLUMBIA,Unknown,SAVE-ON-FOODS,ACTIVE
0150,Store 0150,Unknown,Unknown,BRITISH COLUMBIA,Unknown,SAVE-ON-FOODS,INACTIVE
0904,Store 0904,Unknown,Unknown,BRITISH COLUMBIA,Unknown,SAVE-ON-FOODS,ACTIVE
0981,Store 0981,Unknown,Unknown,BRITISH COLUMBIA,Unknown,SAVE-ON-FOODS,ACTIVE
2208,Store 2208,Unknown,Unknown,BRITISH COLUMBIA,Unknown,SAVE-ON-FOODS,ACTIVE
0902,Store 0902,Unknown,Unknown,BRITISH COLUMBIA,Unknown,SAVE-ON-FOODS,ACTIVE
0907,Store 0907,Unknown,Unknown,BRITISH COLUMBIA,Unknown,SAVE-ON-FOODS,ACTIVE
0996,Store 0996,Unknown,Unknown,BRITISH COLUMBIA,Unknown,SAVE-ON-FOODS,ACTIVE
2221,Store 2221,Unknown,Unknown,BRITISH COLUMBIA,Unknown,SAVE-ON-FOODS,ACTIVE
2225,Store 2225,Unknown,Unknown,BRITISH COLUMBIA,Unknown,SAVE-ON-FOODS,ACTIVE
2228,Store 2228,Unknown,Unknown,BRITISH COLUMBIA,Unknown,SAVE-ON-FOODS,ACTIVE
2212,Store 2212,Unknown,Unknown,BRITISH COLUMBIA,Unknown,SAVE-ON-FOODS,ACTIVE
0955,Store 0955,Unknown,Unknown,BRITISH COLUMBIA,Unknown,SAVE-ON-FOODS,ACTIVE
0944,Store 0944,Unknown,Unknown,BRITISH COLUMBIA,Unknown,SAVE-ON-FOODS,ACTIVE
0952,Store 0952,Unknown,Unknown,BRITISH COLUMBIA,Unknown,SAVE-ON-FOODS,ACTIVE
2213,Store 2213,Unknown,Unknown,BRITISH COLUMBIA,Unknown,SAVE-ON-FOODS,ACTIVE
2237,Store 2237,Unknown,Unknown,BRITISH COLUMBIA,Unknown,SAVE-ON-FOODS,ACTIVE
2215,Store 2215,Unknown,Unknown,BRITISH COLUMBIA,Unknown,SAVE-ON-FOODS,ACTIVE
0991,Store 0991,Unknown,Unknown,BRITISH COLUMBIA,Unknown,SAVE-ON-FOODS,ACTIVE
2290,Store 2290,Unknown,Unknown,BRITISH COLUMBIA,Unknown,SAVE-ON-FOODS,ACTIVE
0915,Store 0915,Unknown,Unknown,BRITISH COLUMBIA,Unknown,SAVE-ON-FOODS,ACTIVE
2216,Store 2216,Unknown,Unknown,BRITISH COLUMBIA,Unknown,SAVE-ON-FOODS,ACTIVE
2202,Store 2202,Unknown,Unknown,BRITISH COLUMBIA,Unknown,SAVE-ON-FOODS,ACTIVE
0936,Store 0936,Unknown,Unknown,BRITISH COLUMBIA,Unknown,SAVE-ON-FOODS,ACTIVE
0943,Store 0943,Unknown,Unknown,BRITISH COLUMBIA,Unknown,SAVE-ON-FOODS,ACTIVE
0963,Store 0963,Unknown,Unknown,BRITISH COLUMBIA,Unknown,SAVE-ON-FOODS,ACTIVE
0933,Store 0933,Unknown,Unknown,BRITISH COLUMBIA,Unknown,SAVE-ON-FOODS,ACTIVE
0982,Store 0982,Unknown,Unknown,BRITISH COLUMBIA,Unknown,SAVE-ON-FOODS,ACTIVE
2217,Store 2217,Unknown,Unknown,BRITISH COLUMBIA,Unknown,SAVE-ON-FOODS,ACTIVE
2223,Store 2223,Unknown,Unknown,BRITISH COLUMBIA,Unknown,SAVE-ON-FOODS,ACTIVE
2220,Store 2220,Unknown,Unknown,BRITISH COLUMBIA,Unknown,SAVE-ON-FOODS,ACTIVE
2222,Store 2222,Unknown,Unknown,BRITISH COLUMBIA,Unknown,SAVE-ON-FOODS,ACTIVE
2214,Store 2214,Unknown,Unknown,BRITISH COLUMBIA,Unknown,SAVE-ON-FOODS,ACTIVE
2257,Store 2257,Unknown,Unknown,BRITISH COLUMBIA,Unknown,SAVE-ON-FOODS,ACTIVE
0931,Store 0931,Unknown,Unknown,BRITISH COLUMBIA,Unknown,SAVE-ON-FOODS,ACTIVE
2206,Store 2206,Unknown,Unknown,BRITISH COLUMBIA,Unknown,SAVE-ON-FOODS,ACTIVE
2209,Store 2209,Unknown,Unknown,BRITISH COLUMBIA,Unknown,SAVE-ON-FOODS,ACTIVE
2210,Store 2210,Unknown,Unknown,BRITISH COLUMBIA,Unknown,SAVE-ON-FOODS,ACTIVE
2211,Store 2211,Unknown,Unknown,BRITISH COLUMBIA,Unknown,SAVE-ON-FOODS,ACTIVE
0932,Store 0932,Unknown,Unknown,BRITISH COLUMBIA,Unknown,SAVE-ON-FOODS,ACTIVE
0980,Store 0980,Unknown,Unknown,BRITISH COLUMBIA,Unknown,SAVE-ON-FOODS,ACTIVE
2224,Store 2224,Unknown,Unknown,BRITISH COLUMBIA,Unknown,SAVE-ON-FOODS,ACTIVE
2229,Store 2229,Unknown,Unknown,BRITISH COLUMBIA,Unknown,SAVE-ON-FOODS,ACTIVE
2231,Store 2231,Unknown,Unknown,BRITISH COLUMBIA,Unknown,SAVE-ON-FOODS,ACTIVE
2260,Store 2260,Unknown,Unknown,BRITISH COLUMBIA,Unknown,SAVE-ON-FOODS,ACTIVE
0930,Store 0930,Unknown,Unknown,BRITISH COLUMBIA,Unknown,SAVE-ON-FOODS,ACTIVE
0934,Store 0934,Unknown,Unknown,BRITISH COLUMBIA,Unknown,SAVE-ON-FOODS,ACTIVE
2227,Store 2227,Unknown,Unknown,BRITISH COLUMBIA,Unknown,SAVE-ON-FOODS,ACTIVE
0984,Store 0984,Unknown,Unknown,BRITISH COLUMBIA,Unknown,SAVE-ON-FOODS,ACTIVE
0992,Store 0992,Unknown,Unknown,BRITISH COLUMBIA,Unknown,SAVE-ON-FOODS,ACTIVE
2242,Store 2242,Unknown,Unknown,BRITISH COLUMBIA,Unknown,SAVE-ON-FOODS,ACTIVE
0928,Store 0928,Unknown,Unknown,BRITISH COLUMBIA,Unknown,SAVE-ON-FOODS,ACTIVE
0935,Store 0935,Unknown,Unknown,BRITISH COLUMBIA,Unknown,SAVE-ON-FOODS,ACTIVE
0938,Store 0938,Unknown,Unknown,BRITISH COLUMBIA,Unknown,SAVE-ON-FOODS,ACTIVE
2243,Store 2243,Unknown,Unknown,BRITISH COLUMBIA,Unknown,SAVE-ON-FOODS,ACTIVE
0946,Store 0946,Unknown,Unknown,BRITISH COLUMBIA,Unknown,SAVE-ON-FOODS,ACTIVE
2247,Store 2247,Unknown,Unknown,BRITISH COLUMBIA,Unknown,SAVE-ON-FOODS,ACTIVE
0947,Store 0947,Unknown,Unknown,BRITISH COLUMBIA,Unknown,SAVE-ON-FOODS,ACTIVE
0948,Store 0948,Unknown,Unknown,BRITISH COLUMBIA,Unknown,SAVE-ON-FOODS,ACTIVE
0951,Store 0951,Unknown,Unknown,BRITISH COLUMBIA,Unknown,SAVE-ON-FOODS,ACTIVE
0953,Store 0953,Unknown,Unknown,BRITISH COLUMBIA,Unknown,SAVE-ON-FOODS,ACTIVE
0916,Store 0916,Unknown,Unknown,BRITISH COLUMBIA,Unknown,SAVE-ON-FOODS,ACTIVE
0919,Store 0919,Unknown,Unknown,BRITISH COLUMBIA,Unknown,SAVE-ON-FOODS,ACTIVE
0941,Store 0941,Unknown,Unknown,BRITISH COLUMBIA,Unknown,SAVE-ON-FOODS,ACTIVE
0990,Store 0990,Unknown,Unknown,BRITISH COLUMBIA,Unknown,SAVE-ON-FOODS,ACTIVE
0999,Store 0999,Unknown,Unknown,BRITISH COLUMBIA,Unknown,SAVE-ON-FOODS,ACTIVE
2249,Store 2249,Unknown,Unknown,BRITISH COLUMBIA,Unknown,SAVE-ON-FOODS,ACTIVE
2289,Store 2289,Unknown,Unknown,BRITISH COLUMBIA,Unknown,SAVE-ON-FOODS,ACTIVE
2232,Store 2232,Unknown,Unknown,BRITISH COLUMBIA,Unknown,SAVE-ON-FOODS,ACTIVE
0954,Store 0954,Unknown,Unknown,BRITISH COLUMBIA,Unknown,SAVE-ON-FOODS,ACTIVE
0962,Store 0962,Unknown,Unknown,BRITISH COLUMBIA,Unknown,SAVE-ON-FOODS,ACTIVE
0995,Store 0995,Unknown,Unknown,BRITISH COLUMBIA,Unknown,SAVE-ON-FOODS,ACTIVE
0909,Store 0909,Unknown,Unknown,BRITISH COLUMBIA,Unknown,SAVE-ON-FOODS,ACTIVE
0942,Store 0942,Unknown,Unknown,BRITISH COLUMBIA,Unknown,SAVE-ON-FOODS,ACTIVE
0957,Store 0957,Unknown,Unknown,BRITISH COLUMBIA,Unknown,SAVE-ON-FOODS,ACTIVE
2261,Store 2261,Unknown,Unknown,BRITISH COLUMBIA,Unknown,SAVE-ON-FOODS,ACTIVE
0985,Store 0985,Unknown,Unknown,BRITISH COLUMBIA,Unknown,SAVE-ON-FOODS,ACTIVE
0965,Store 0965,Unknown,Unknown,BRITISH COLUMBIA,Unknown,SAVE-ON-FOODS,ACTIVE
0967,Store 0967,Unknown,Unknown,BRITISH COLUMBIA,Unknown,SAVE-ON-FOODS,ACTIVE
0968,Store 0968,Unknown,Unknown,BRITISH COLUMBIA,Unknown,SAVE-ON-FOODS,ACTIVE
2266,Store 2266,Unknown,Unknown,BRITISH COLUMBIA,Unknown,SAVE-ON-FOODS,ACTIVE
0970,Store 0970,Unknown,Unknown,BRITISH COLUMBIA,Unknown,SAVE-ON-FOODS,ACTIVE
0964,Store 0964,Unknown,Unknown,BRITISH COLUMBIA,Unknown,SAVE-ON-FOODS,ACTIVE
0972,Store 0972,Unknown,Unknown,BRITISH COLUMBIA,Unknown,SAVE-ON-FOODS,ACTIVE
2245,Store 2245,Unknown,Unknown,BRITISH COLUMBIA,Unknown,SAVE-ON-FOODS,ACTIVE
0969,Store 0969,Unknown,Unknown,BRITISH COLUMBIA,Unknown,SAVE-ON-FOODS,ACTIVE
0971,Store 0971,Unknown,Unknown,BRITISH COLUMBIA,Unknown,SAVE-ON-FOODS,ACTIVE
2252,Store 2252,Unknown,Unknown,BRITISH COLUMBIA,Unknown,SAVE-ON-FOODS,ACTIVE
2287,Store 2287,Unknown,Unknown,BRITISH COLUMBIA,Unknown,SAVE-ON-FOODS,ACTIVE
0977,Store 0977,Unknown,Unknown,BRITISH COLUMBIA,Unknown,SAVE-ON-FOODS,ACTIVE
0975,Store 0975,Unknown,Unknown,BRITISH COLUMBIA,Unknown,SAVE-ON-FOODS,ACTIVE
0922,Store 0922,Unknown,Unknown,BRITISH COLUMBIA,Unknown,SAVE-ON-FOODS,ACTIVE
0978,Store 0978,Unknown,Unknown,BRITISH COLUMBIA,Unknown,SAVE-ON-FOODS,ACTIVE
0979,Store 0979,Unknown,Unknown,BRITISH COLUMBIA,Unknown,SAVE-ON-FOODS,ACTIVE
0903,Store 0903,Unknown,Unknown,BRITISH COLUMBIA,Unknown,SAVE-ON-FOODS,ACTIVE
0910,Store 0910,Unknown,Unknown,BRITISH COLUMBIA,Unknown,SAVE-ON-FOODS,ACTIVE
0918,Store 0918,Unknown,Unknown,BRITISH COLUMBIA,Unknown,SAVE-ON-FOODS,ACTIVE
0939,Store 0939,Unknown,Unknown,BRITISH COLUMBIA,Unknown,SAVE-ON-FOODS,ACTIVE
2235,Store 2235,Unknown,Unknown,BRITISH COLUMBIA,Unknown,SAVE-ON-FOODS,ACTIVE
2255,Store 2255,Unknown,Unknown,BRITISH COLUMBIA,Unknown,SAVE-ON-FOODS,ACTIVE
2263,Store 2263,Unknown,Unknown,BRITISH COLUMBIA,Unknown,SAVE-ON-FOODS,ACTIVE
2267,Store 2267,Unknown,Unknown,BRITISH COLUMBIA,Unknown,SAVE-ON-FOODS,ACTIVE
0983,Store 0983,Unknown,Unknown,BRITISH COLUMBIA,Unknown,SAVE-ON-FOODS,ACTIVE
0937,Store 0937,Unknown,Unknown,BRITISH COLUMBIA,Unknown,SAVE-ON-FOODS,ACTIVE
0940,Store 0940,Unknown,Unknown,BRITISH COLUMBIA,Unknown,SAVE-ON-FOODS,ACTIVE
0961,Store 0961,Unknown,Unknown,BRITISH COLUMBIA,Unknown,SAVE-ON-FOODS,ACTIVE
0993,Store 0993,Unknown,Unknown,BRITISH COLUMBIA,Unknown,SAVE-ON-FOODS,ACTIVE
2219,Store 2219,Unknown,Unknown,BRITISH COLUMBIA,Unknown,SAVE-ON-FOODS,ACTIVE
2241,Store 2241,Unknown,Unknown,BRITISH COLUMBIA,Unknown,SAVE-ON-FOODS,ACTIVE
2244,Store 2244,Unknown,Unknown,BRITISH COLUMBIA,Unknown,SAVE-ON-FOODS,ACTIVE
2246,Store 2246,Unknown,Unknown,BRITISH COLUMBIA,Unknown,SAVE-ON-FOODS,ACTIVE
2254,Store 2254,Unknown,Unknown,BRITISH COLUMBIA,Unknown,SAVE-ON-FOODS,ACTIVE
0988,Store 0988,Unknown,Unknown,BRITISH COLUMBIA,Unknown,SAVE-ON-FOODS,ACTIVE
2248,Store 2248,Unknown,Unknown,BRITISH COLUMBIA,Unknown,SAVE-ON-FOODS,ACTIVE
0921,Store 0921,Unknown,Unknown,BRITISH COLUMBIA,Unknown,SAVE-ON-FOODS,ACTIVE
0923,Store 0923,Unknown,Unknown,BRITISH COLUMBIA,Unknown,SAVE-ON-FOODS,ACTIVE
0924,Store 0924,Unknown,Unknown,BRITISH COLUMBIA,Unknown,SAVE-ON-FOODS,INACTIVE
0973,Store 0973,Unknown,Unknown,BRITISH COLUMBIA,Unknown,SAVE-ON-FOODS,ACTIVE
2250,Store 2250,Unknown,Unknown,BRITISH COLUMBIA,Unknown,SAVE-ON-FOODS,ACTIVE
2285,Store 2285,Unknown,Unknown,BRITISH COLUMBIA,Unknown,SAVE-ON-FOODS,ACTIVE
0956,Store 0956,Unknown,Unknown,BRITISH COLUMBIA,Unknown,SAVE-ON-FOODS,ACTIVE
0987,Store 0987,Unknown,Unknown,BRITISH COLUMBIA,Unknown,SAVE-ON-FOODS,ACTIVE
2226,Store 2226,Unknown,Unknown,BRITISH COLUMBIA,Unknown,SAVE-ON-FOODS,ACTIVE
4405,Store 4405,Unknown,Unknown,MANITOBA,Unknown,SAVE-ON-FOODS,ACTIVE
4410,Store 4410,Unknown,Unknown,MANITOBA,Unknown,SAVE-ON-FOODS,ACTIVE
4415,Store 4415,Unknown,Unknown,MANITOBA,Unknown,SAVE-ON-FOODS,ACTIVE
4420,Store 4420,Unknown,Unknown,MANITOBA,Unknown,SAVE-ON-FOODS,ACTIVE
4425,Store 4425,Unknown,Unknown,MANITOBA,Unknown,SAVE-ON-FOODS,ACTIVE
5561,Store 5561,Unknown,Unknown,SASKATCHEWAN,Unknown,SAVE-ON-FOODS,ACTIVE
5540,Store 5540,Unknown,Unknown,SASKATCHEWAN,Unknown,SAVE-ON-FOODS,ACTIVE
5505,Store 5505,Unknown,Unknown,SASKATCHEWAN,Unknown,SAVE-ON-FOODS,ACTIVE
5508,Store 5508,Unknown,Unknown,SASKATCHEWAN,Unknown,SAVE-ON-FOODS,ACTIVE
5530,Store 5530,Unknown,Unknown,SASKATCHEWAN,Unknown,SAVE-ON-FOODS,ACTIVE
5533,Store 5533,Unknown,Unknown,SASKATCHEWAN,Unknown,SAVE-ON-FOODS,ACTIVE
5545,Store 5545,Unknown,Unknown,SASKATCHEWAN,Unknown,SAVE-ON-FOODS,ACTIVE
5562,Store 5562,Unknown,Unknown,SASKATCHEWAN,Unknown,SAVE-ON-FOODS,ACTIVE
5563,Store 5563,Unknown,Unknown,SASKATCHEWAN,Unknown,SAVE-ON-FOODS,ACTIVE
5515,Store 5515,Unknown,Unknown,SASKATCHEWAN,Unknown,SAVE-ON-FOODS,ACTIVE
6690,Store 6690,Unknown,Unknown,YUKON,Unknown,SAVE-ON-FOODS,ACTIVE
7638,Store 7638,Unknown,Unknown,BRITISH COLUMBIA,Unknown,URBAN FARE,ACTIVE
7614,Store 7614,Unknown,Unknown,BRITISH COLUMBIA,Unknown,URBAN FARE,ACTIVE
7615,Store 7615,Unknown,Unknown,BRITISH COLUMBIA,Unknown,URBAN FARE,ACTIVE
7618,Store 7618,Unknown,Unknown,BRITISH COLUMBIA,Unknown,URBAN FARE,ACTIVE
7623,Store 7623,Unknown,Unknown,BRITISH COLUMBIA,Unknown,URBAN FARE,ACTIVE
7633,Store 7633,Unknown,Unknown,BRITISH COLUMBIA,Unknown,URBAN FARE,ACTIVE
