product,upc,vendor,brand,category,subcategory,item_size,item_unit,pack_qty
Cocacola Classic 8520 Ml,00006700002011,COCA COLA,COKE CLASSIC,CARBONATED SOFT DRINKS,Cola,8520,ml,24
Pepsi Cube 355Ml 24Pk 8520 Ml,00006900001062,PEPSICO,PEPSI,CARBONATED SOFT DRINKS,Cola,8520,ml,24
Cocacola Zero Can 8520 Ml,00006700011749,COCA COLA,COKE ZERO,CARBONATED SOFT DRINKS,Cola,8520,ml,24
Canaddry Ginger Ale 8520 Ml,00006210001930,COCA COLA,CANADA DRY,CARBONATED SOFT DRINKS,Tonic And Ales,8520,ml,24
Cocacola Diet 8520 Ml,00006700002013,COCA COLA,DIET COKE,CARBONATED SOFT DRINKS,Cola,8520,ml,24
Crush Rainbow Pack 355Ml 24Pk 8520 Ml,00005600001118,PEPSICO,CRUSH,CARBONATED SOFT DRINKS,Flavoured,8520,ml,24
Pepsi Diet Cube 355Ml 24Pk 8520 Ml,00006900002611,PEPSICO,PEPSI DIET,CARBONATED SOFT DRINKS,Cola,8520,ml,24
Sprite 8520 Ml,00006700002012,COCA COLA,SPRITE,CARBONATED SOFT DRINKS,Flavoured,8520,ml,24
Pepsi Cans 4260 Ml,00006900001428,PEPSICO,PEPSI,CARBONATED SOFT DRINKS,Cola,4260,ml,12
Pepsi Multipack 4260 Ml,00006900001984,PEPSICO,PEPSI,CARBONATED SOFT DRINKS,Cola,4260,ml,12
Pepsi Diet 355Ml 12Pk 4260 Ml,00006900002428,PEPSICO,PEPSI DIET,CARBONATED SOFT DRINKS,Cola,4260,ml,12
Pepsi Diet Multipack 710Ml 6Pk 4260 Ml,00006900002066,PEPSICO,PEPSI DIET,CARBONATED SOFT DRINKS,Cola,4260,ml,12
Cocacola Classic 4260 Ml,00006700011402,COCA COLA,COKE CLASSIC,CARBONATED SOFT DRINKS,Cola,4260,ml,12
7Up Cans 355Ml 12Pk 4260 Ml,00006540001159,PEPSICO,7 UP,CARBONATED SOFT DRINKS,Flavoured,4260,ml,12
Cocacola Zero 4260 Ml,00006700011746,COCA COLA,COKE ZERO,CARBONATED SOFT DRINKS,Cola,4260,ml,12
7Up Zero 355Ml 12Pk 4260 Ml,00006540001160,PEPSICO,7 UP,CARBONATED SOFT DRINKS,Flavoured,4260,ml,12
Canaddry Gingerale Diet 4260 Ml,00006210001894,COCA COLA,CANADA DRY,CARBONATED SOFT DRINKS,Tonic And Ales,4260,ml,12
Cocacola Diet 4260 Ml,00006700011403,COCA COLA,DIET COKE,CARBONATED SOFT DRINKS,Cola,4260,ml,12
Canaddry Gingerale 4260 Ml,00006210001210,COCA COLA,CANADA DRY,CARBONATED SOFT DRINKS,Tonic And Ales,4260,ml,12
Pepsi Zero 4260 Ml,00006900002383,PEPSICO,PEPSI ZERO,CARBONATED SOFT DRINKS,Cola,4260,ml,12
Crush Soda Orange 355Ml 12Pk 4260 Ml,00005600001683,PEPSICO,CRUSH,CARBONATED SOFT DRINKS,Flavoured,4260,ml,12
7Up Multipack 710Ml 6Pk 4260 Ml,00006540001096,PEPSICO,7 UP,CARBONATED SOFT DRINKS,Flavoured,4260,ml,12
Pepsi Caff/Fre Diet 355Ml 12Pk 4260 Ml,00006900021428,PEPSICO,PEPSI CAFFEINE FREE DIET,CARBONATED SOFT DRINKS,Cola,4260,ml,12
Brisk Iced Tea 4260 Ml,00006900002520,PEPSICO,LIPTON BRISK,CARBONATED SOFT DRINKS,Flavoured,4260,ml,12
Canaddry Club Soda 4260 Ml,00006210001895,COCA COLA,CANADA DRY,CARBONATED SOFT DRINKS,Tonic And Ales,4260,ml,12
Mug Rootbeer 355Ml 12Pk 4260 Ml,00006900005051,PEPSICO,MUG,CARBONATED SOFT DRINKS,Flavoured,4260,ml,12
Cocacola Cherry 4260 Ml,00006700002101,COCA COLA,CHERRY COKE,CARBONATED SOFT DRINKS,Cola,4260,ml,12
7Up Diet 710Ml 6Pk 4260 Ml,00006540001523,PEPSICO,7 UP,CARBONATED SOFT DRINKS,Flavoured,4260,ml,12
Schwepps Ginger Ale 355Ml 12Pk 4260 Ml,00001660013002,PEPSICO,SCHWEPPES,CARBONATED SOFT DRINKS,Tonic And Ales,4260,ml,12
Schwepps Tonic Watr 355Ml 12Pk 4260 Ml,00001660011002,PEPSICO,SCHWEPPES,CARBONATED SOFT DRINKS,Tonic And Ales,4260,ml,12
A&W Root Beer 4260 Ml,00005953101220,COCA COLA,AW,CARBONATED SOFT DRINKS,Flavoured,4260,ml,12
Crush Soda Orange 710Ml 6Pk 4260 Ml,00005600001460,PEPSICO,CRUSH,CARBONATED SOFT DRINKS,Flavoured,4260,ml,12
Schweppe Gingerale 710Ml 6Pk 4260 Ml,00001660001076,PEPSICO,SCHWEPPES,CARBONATED SOFT DRINKS,Tonic And Ales,4260,ml,12
Sprite 4260 Ml,00006700011401,COCA COLA,SPRITE,CARBONATED SOFT DRINKS,Flavoured,4260,ml,12
Crush Cream Soda 355Ml 12Pk 4260 Ml,00005600002108,PEPSICO,CRUSH,CARBONATED SOFT DRINKS,Specialty,4260,ml,12
Crush Cream Soda 355Ml 12Pk 4260 Ml,00005600001685,PEPSICO,CRUSH,CARBONATED SOFT DRINKS,Specialty,4260,ml,12
Mountain Dew 6Pk 4260 Ml,00006900003007,PEPSICO,MOUNTAIN DEW,CARBONATED SOFT DRINKS,Flavoured,4260,ml,12
Mug Rootbeer Diet 355Ml 12Pk 4260 Ml,00006900005077,PEPSICO,MUG,CARBONATED SOFT DRINKS,Flavoured,4260,ml,12
Pepsi Dt Caf Free 710Ml 6Pk 4260 Ml,00006900021273,PEPSICO,PEPSI CAFFEINE FREE,CARBONATED SOFT DRINKS,Cola,4260,ml,12
Pepsi Wild Cherry 355Ml 12Pk 4260 Ml,00006900031002,PEPSICO,PEPSI WILD CHERRY,CARBONATED SOFT DRINKS,Flavoured,4260,ml,12
Schwepps Club Soda 355Ml 12Pk 4260 Ml,00001660014002,PEPSICO,SCHWEPPES,CARBONATED SOFT DRINKS,Tonic And Ales,4260,ml,12
Crush Soda Grape 355Ml 12Pk 4260 Ml,00005600001684,PEPSICO,CRUSH,CARBONATED SOFT DRINKS,Flavoured,4260,ml,12
Pepsi Pl 355Ml 1X12Pk 4260 Ml,00006900002004,PEPSICO,PEPSI,CARBONATED SOFT DRINKS,Cola,4260,ml,12
Canaddry Diet Ginger Ale 4260 Ml,00006210002099,COCA COLA,CANADA DRY,CARBONATED SOFT DRINKS,Cola,4260,ml,12
Sussex Ginger Ale 355Ml 12Pk 4260 Ml,00005600001699,PEPSICO,SUSSEX,CARBONATED SOFT DRINKS,Tonic And Ales,4260,ml,12
Sprite Zero 4260 Ml,00006700001387,COCA COLA,SPRITE,CARBONATED SOFT DRINKS,Flavoured,4260,ml,12
Vernors Gingerale 355Ml 12Pk 4260 Ml,00007143401153,PEPSICO,VERNORS,CARBONATED SOFT DRINKS,Tonic And Ales,4260,ml,12
Canaddry Club Soda Lemon Lime 4260 Ml,00006210002015,COCA COLA,CANADA DRY,CARBONATED SOFT DRINKS,Tonic And Ales,4260,ml,12
Pepsi Diet 4260 Ml,00006900002082,PEPSICO,PEPSI DIET,CARBONATED SOFT DRINKS,Cola,4260,ml,12
Nestea Cool 4260 Ml,00008390001240,COCA COLA,NESTEA,CARBONATED SOFT DRINKS,Flavoured,4260,ml,12
Jonesoda Soda Rb 355Ml 12Pk 4260 Ml,00062022122200,A LASSONDE,JONES SODA,CARBONATED SOFT DRINKS,Flavoured,4260,ml,12
Crush Cream Soda 4260 Ml,00005600001718,PEPSICO,CRUSH,CARBONATED SOFT DRINKS,Specialty,4260,ml,12
Crush Soda Orange Diet 12Pk 4260 Ml,00005600001688,PEPSICO,CRUSH,CARBONATED SOFT DRINKS,Flavoured,4260,ml,12
7Up 4260 Ml,00006540002020,PEPSICO,7 UP,CARBONATED SOFT DRINKS,Flavoured,4260,ml,12
Pepsi Zero Sugar 4260 Ml,00006900016918,PEPSICO,PEPSI ZERO,CARBONATED SOFT DRINKS,Cola,4260,ml,12
Schweppes Diet Ginger Ale 4260 Ml,00001660001511,PEPSICO,SCHWEPPES,CARBONATED SOFT DRINKS,Cola,4260,ml,12
Crush Cream Soda White 4260 Ml,00005600002105,PEPSICO,CRUSH,CARBONATED SOFT DRINKS,Specialty,4260,ml,12
Sevenup Diet 355Ml 8Pk 2840 Ml,00006540001535,PEPSICO,7 UP,CARBONATED SOFT DRINKS,Flavoured,2840,ml,8
Cocacola Classic 2840 Ml,00006700012200,COCA COLA,COKE CLASSIC,CARBONATED SOFT DRINKS,Cola,2840,ml,8
Sprite Fridge Mate 355Ml 8Pk 2840 Ml,00006700011620,COCA COLA,SPRITE,CARBONATED SOFT DRINKS,Flavoured,2840,ml,8
Cocacola Clss Mini Sleek Can 1332 Ml,00006700011983,COCA COLA,COKE CLASSIC,CARBONATED SOFT DRINKS,Cola,1332,ml,6
Canaddry Gingerale 1332 Ml,00006210001144,COCA COLA,CANADA DRY,CARBONATED SOFT DRINKS,Tonic And Ales,1332,ml,6
Pepsi 1332 Ml,00006900015902,PEPSICO,PEPSI,CARBONATED SOFT DRINKS,Cola,1332,ml,6
Cocacola Zero 222Ml Mini Sleek 1332 Ml,00006700011985,COCA COLA,COKE ZERO,CARBONATED SOFT DRINKS,Cola,1332,ml,6
Coke Diet Mini Sleek Can 1332 Ml,00006700011984,COCA COLA,DIET COKE,CARBONATED SOFT DRINKS,Cola,1332,ml,6
7Up 1332 Ml,00006540015722,PEPSICO,7 UP,CARBONATED SOFT DRINKS,Flavoured,1332,ml,6
Pepsi Diet 1332 Ml,00006900015904,PEPSICO,PEPSI DIET,CARBONATED SOFT DRINKS,Cola,1332,ml,6
Crush Orange 1332 Ml,00005600001005,PEPSICO,CRUSH,CARBONATED SOFT DRINKS,Flavoured,1332,ml,6
Sprite Mini Sleek Can 1332 Ml,00006700011986,COCA COLA,SPRITE,CARBONATED SOFT DRINKS,Flavoured,1332,ml,6
Schweppe Tonic Water 1332 Ml,00001660001012,PEPSICO,SCHWEPPES,CARBONATED SOFT DRINKS,Tonic And Ales,1332,ml,6
Schweppe Ginger Ale 1332 Ml,00001660001010,PEPSICO,SCHWEPPES,CARBONATED SOFT DRINKS,Tonic And Ales,1332,ml,6
Cocacola Classic 237Ml 6Pk 1422 Ml,00006700011268,COCA COLA,COKE CLASSIC,CARBONATED SOFT DRINKS,Cola,1422,ml,6
Pepsi Zero Sugar 1332 Ml,00006900015936,PEPSICO,PEPSI ZERO,CARBONATED SOFT DRINKS,Cola,1332,ml,6
A&W Root Beer 1332 Ml,00005953101282,COCA COLA,AW,CARBONATED SOFT DRINKS,Flavoured,1332,ml,6
Fresca Soft Drink 222Ml 1332 Ml,00006700012243,COCA COLA,FRESCA,CARBONATED SOFT DRINKS,Flavoured,1332,ml,6
Canaddry Tonic Water 222Ml 1332 Ml,00006210002040,COCA COLA,CANADA DRY,CARBONATED SOFT DRINKS,Tonic And Ales,1332,ml,6
Schweppe Club Soda 1332 Ml,00001660001011,PEPSICO,SCHWEPPES,CARBONATED SOFT DRINKS,Tonic And Ales,1332,ml,6
Drpepper Soda Minis 1332 Ml,00005490001055,PEPSICO,DR PEPPER,CARBONATED SOFT DRINKS,Cola,1332,ml,6
Canaddry Club Soda 222Ml 1332 Ml,00006210002042,COCA COLA,CANADA DRY,CARBONATED SOFT DRINKS,Tonic And Ales,1332,ml,6
Canaddry G/Ale Zero Sugar 1332 Ml,00006210002128,COCA COLA,CADBURY,CARBONATED SOFT DRINKS,Cola,1332,ml,6
7Up Soft Drink Diet 1332 Ml,00006540001808,PEPSICO,7 UP,CARBONATED SOFT DRINKS,Flavoured,1332,ml,6
Cocacola Zero Sugar Zero Caff 1332 Ml,00006700002114,COCA COLA,COKE ZERO,CARBONATED SOFT DRINKS,Cola,1332,ml,6
Canaddry Ginger Ale Diet 1332 Ml,00006210002038,COCA COLA,CANADA DRY,CARBONATED SOFT DRINKS,Cola,1332,ml,6
Canaddry Ginger Ale Blackberry 1332 Ml,00006210002046,COCA COLA,CANADA DRY,CARBONATED SOFT DRINKS,Tonic And Ales,1332,ml,6
Comp Club Soda 1332 Ml,00005574255842,PRIVATE LABEL,COMPLIMENTS,CARBONATED SOFT DRINKS,Specialty,1332,ml,6
Comp Ginger Ale 1332 Ml,00005574255843,PRIVATE LABEL,COMPLIMENTS,CARBONATED SOFT DRINKS,Specialty,1332,ml,6
Fanta Soda Pop Orange 1332 Ml,00006700002153,COCA COLA,FANTA,CARBONATED SOFT DRINKS,Cola,1332,ml,6
Comp Soft Drink Cola 1332 Ml,00005574255844,PRIVATE LABEL,COMPLIMENTS,CARBONATED SOFT DRINKS,Specialty,1332,ml,6
Canaddry Ginger Ale Cranbry 1332 Ml,00006210002048,COCA COLA,CANADA DRY,CARBONATED SOFT DRINKS,Tonic And Ales,1332,ml,6
Fanta Orange Can 1332 Ml,00006700012089,COCA COLA,FANTA,CARBONATED SOFT DRINKS,Flavoured,1332,ml,6
Goya Malt Beverage 6Pk 2130 Ml,00004133108822,CANDESA AILMENTS,GOYA,CARBONATED SOFT DRINKS,Ethnic,2130,ml,6
Cocacola Classic 355Ml 6Pk 2130 Ml,00006700002025,COCA COLA,COKE CLASSIC,CARBONATED SOFT DRINKS,Cola,2130,ml,6
Cocacola Clss Mini Sleek Can 1332 Ml,00006700011987,COCA COLA,COKE CLASSIC,CARBONATED SOFT DRINKS,Cola,1332,ml,6
Cocacola Soft Drink Life 1332 Ml,00006700012218,COCA COLA,COKE LIFE,CARBONATED SOFT DRINKS,Cola,1332,ml,6
Barq'S Root Beer 1332 Ml,00006700012303,COCA COLA,BARQS,CARBONATED SOFT DRINKS,Cola,1332,ml,6
Canaddry Ginger Ale Lemonade 1332 Ml,00006210002056,COCA COLA,CANADA DRY,CARBONATED SOFT DRINKS,Tonic And Ales,1332,ml,6
Canaddry Ginger Ale Pomegran 1332 Ml,00006210002074,COCA COLA,CANADA DRY,CARBONATED SOFT DRINKS,Tonic And Ales,1332,ml,6
Cocacola Cherry 1332 Ml,00006700012250,COCA COLA,CHERRY COKE,CARBONATED SOFT DRINKS,Cola,1332,ml,6
Cocacola Soft Drink Stevia 1332 Ml,00006700001895,COCA COLA,COCA COLA,CARBONATED SOFT DRINKS,Cola,1332,ml,6
Coke Diet 237Ml 6Pk 1422 Ml,00006700002043,COCA COLA,DIET COKE,CARBONATED SOFT DRINKS,Cola,1422,ml,6
7Up Cans 355Ml 6Pk 2130 Ml,00006540001153,PEPSICO,7 UP,CARBONATED SOFT DRINKS,Flavoured,2130,ml,6
Sevenup Mini Cans 237Ml 6Pk 1422 Ml,00006540002015,PEPSICO,7 UP,CARBONATED SOFT DRINKS,Flavoured,1422,ml,6
Brisk Iced Tea Lemon Minis 1332 Ml,00006900016497,PEPSICO,LIPTON BRISK,CARBONATED SOFT DRINKS,Cola,1332,ml,6
Pepsi Cans 355Ml 6Pk 2130 Ml,00006900001426,PEPSICO,PEPSI,CARBONATED SOFT DRINKS,Cola,2130,ml,6
Pepsi Diet Cans 355Ml 6Pk 2130 Ml,00006900002426,PEPSICO,PEPSI DIET,CARBONATED SOFT DRINKS,Cola,2130,ml,6
Pepsi Next 1332 Ml,00006900015910,PEPSICO,PEPSI NEXT,CARBONATED SOFT DRINKS,Cola,1332,ml,6
Malta Polar 6Pk 2130 Ml,00008719401048,OTHER MANUFACTURER,OTHER BRAND,CARBONATED SOFT DRINKS,Ethnic,2130,ml,6
Muskoka Silver Birch Beer 355 Ml,00062168063245,MUSKOKA BREWERY,MUSKOKA,CARBONATED SOFT DRINKS,Flavoured,2130,ml,6
Gioia Bitter 1000 Ml,00077992191020,MOLISANA IMPORTS,GIOIA,CARBONATED SOFT DRINKS,Ethnic,1000,ml,1
Jarritos Soft Drink Pineapple 1500 Ml,00009047801629,JARRITOS,JARRITOS,CARBONATED SOFT DRINKS,Tonic And Ales,1500,ml,1
Barrs Drink Irn Bru 1980 Ml,00500038211416,AG BARR,INR BRU,CARBONATED SOFT DRINKS,Flavoured,1980,ml,1
Fanta Soft Drink Orange 300 Ml,00006700002111,COCA COLA,FANTA,CARBONATED SOFT DRINKS,Cola,1800,ml,6
Sprite Soft Drink Bottle 300 Ml,00006700001808,COCA COLA,SPRITE,CARBONATED SOFT DRINKS,Cola,1800,ml,6
Barqs Cream Soda 355 Ml,00006700001917,COCA COLA,BARQS,CARBONATED SOFT DRINKS,Flavoured,2130,ml,6
Comp Sd Spruce Beer 355 Ml,00005574234586,PRIVATE LABEL,COMPLIMENTS,CARBONATED SOFT DRINKS,Flavoured,2130,ml,6
Asicilan Soda Sicilian Lemon 1320 Ml,00081268903136,A SICILIANA,A SICILIANA,CARBONATED SOFT DRINKS,Flavoured,1320,ml,1
1642 Tonic Pink Grapefruit 275 Ml,00062805581942,1642 SODAS,1642,CARBONATED SOFT DRINKS,Cola,1650,ml,6
Postobon Soda Colombiana Kola 2000 Ml,00080809701396,POSTOBON,POSTOBON,CARBONATED SOFT DRINKS,Ethnic,2000,ml,1
Asicilan Soda Blood Orange 1320 Ml,00081268903138,A SICILIANA,A SICILIANA,CARBONATED SOFT DRINKS,Flavoured,1320,ml,1
Schwepps Tonic Water 355Ml 355 Ml,00001660001041,PEPSICO,SCHWEPPES,CARBONATED SOFT DRINKS,Tonic And Ales,2130,ml,6
A&W Rootbeer 355Ml 355 Ml,00005953101002,COCA COLA,AW,CARBONATED SOFT DRINKS,Flavoured,2130,ml,6
Soca Cream Soda 400 Ml,00501439631268,SOCA,SOCA,CARBONATED SOFT DRINKS,Ethnic,1600,ml,4
Big8 Cranbry Gingerale 2000 Ml,00006448001140,PRIVATE LABEL,BIG 8,CARBONATED SOFT DRINKS,Tonic And Ales,2000,ml,1
Cocacola Soft Drink Zero Sugar 300 Ml,00006700001807,COCA COLA,COKE ZERO,CARBONATED SOFT DRINKS,Cola,1800,ml,6
Comp Sd Club Soda 355 Ml,00005574234579,PRIVATE LABEL,COMPLIMENTS,CARBONATED SOFT DRINKS,Tonic And Ales,2130,ml,6
Cocacola Cherry 250 Ml,00006700001005,COCA COLA,CHERRY COKE,CARBONATED SOFT DRINKS,Cola,1500,ml,6
Cott Cola Diete Csd 2L 2000 Ml,00006150011987,REFRESCO NORTH AMERICA,COTT,CARBONATED SOFT DRINKS,Cola,2000,ml,1
Soca Fruit Punch 400 Ml,00501439631272,SOCA,SOCA,CARBONATED SOFT DRINKS,Ethnic,2400,ml,6
Soca Banana 400 Ml,00501439631267,SOCA,SOCA,CARBONATED SOFT DRINKS,Ethnic,2400,ml,6
Chill Street Parade Cherry Col 330 Ml,00084055701010,CHILL STREET BREWING,CHILL STREET,CARBONATED SOFT DRINKS,Cola,1980,ml,6
Dg Kola Champagne 355Ml 355 Ml,00085862901102,SHAH TRADING CO,DG,CARBONATED SOFT DRINKS,Ethnic,2130,ml,6
Sprite Zero 355 Ml,00006700001461,COCA COLA,SPRITE ZERO,CARBONATED SOFT DRINKS,Flavoured,2130,ml,6
Auralis Focused Lion Mane 355 Ml,00062805577283,BOREAL BOTANICAL BREWING,BOREAL BOTANICAL,CARBONATED SOFT DRINKS,Flavoured,2130,ml,6
Marco Soda Spruce Can 355 Ml,00062869376100,SODAS MARCO,SODAS MARCO,CARBONATED SOFT DRINKS,Flavoured,2130,ml,6
Stewarts Soda Grape 355 Ml,00009879401047,KEURIG DR PEPPER,STEWARTS,CARBONATED SOFT DRINKS,Flavoured,2130,ml,6
Big8 Sparkling Cran Rasp 2000 Ml,00006448001130,PRIVATE LABEL,BIG 8,CARBONATED SOFT DRINKS,Flavoured,2000,ml,1
Grtjamai Bitter Lemon 1500 Ml,00005578901955,THE GREAT GENTLEMAN,THE GREAT GENTLEMAN,CARBONATED SOFT DRINKS,Tonic And Ales,1500,ml,6
Fresca Frdge/Mate Sugar Free 355 Ml,00006700001934,COCA COLA,FRESCA,CARBONATED SOFT DRINKS,Flavoured,2130,ml,6
Schwepps Gingerale Cn 24X355Ml 355 Ml,00001660052100,PEPSICO,SCHWEPPES,CARBONATED SOFT DRINKS,Tonic And Ales,2130,ml,6
Favuzzi Soda Siciln Bld Orange 275 Ml,00083266101043,FAVUZZI INTERNATIONAL,FAVUZZI,CARBONATED SOFT DRINKS,Tonic And Ales,1650,ml,6
Jarritos Tamarind Drink 1.5L 1500 Ml,00009047822622,JARRITOS,JARRITOS,CARBONATED SOFT DRINKS,Tonic And Ales,1500,ml,6
Favuzzi Lemonade Sprk Sicilian 275 Ml,00083266101044,FAVUZZI INTERNATIONAL,FAVUZZI,CARBONATED SOFT DRINKS,Tonic And Ales,1650,ml,6
Chllstrt Road Trip Root Beer 330 Ml,00084055701005,CHILL STREET BREWING,CHILL STREET,CARBONATED SOFT DRINKS,Cola,1980,ml,6
Gurds Mixers Grapefruit Tnic 1000 Ml,00005749602149,STATION 22,GURDS,CARBONATED SOFT DRINKS,Tonic And Ales,1000,ml,1
Gurds Soda Tonic Water 1000 Ml,00005749602147,STATION 22,GURDS,CARBONATED SOFT DRINKS,Tonic And Ales,1000,ml,1
Crush Cream Soda Cans 355Ml 355 Ml,00005600001603,PEPSICO,CRUSH,CARBONATED SOFT DRINKS,Specialty,2130,ml,6
Chllstrt Danceorange Creamsicl 330 Ml,00084055701008,CHILL STREET BREWING,CHILL STREET,CARBONATED SOFT DRINKS,Cola,1980,ml,6
Chllstrt Carnival Cream Soda 330 Ml,00084055701006,CHILL STREET BREWING,CHILL STREET,CARBONATED SOFT DRINKS,Cola,1980,ml,6
Cott Pop Up Lemon Lime 2L 2000 Ml,00006150001153,REFRESCO NORTH AMERICA,COTT,CARBONATED SOFT DRINKS,Flavoured,2000,ml,1
Fanta Soda Orange 330 Ml,00890176403125,COCA COLA,FANTA,CARBONATED SOFT DRINKS,Ethnic,1980,ml,6
Pepsi Caffeine Free Diet 355Ml 355 Ml,00006900021425,PEPSICO,PEPSI CAFFEINE FREE DIET,CARBONATED SOFT DRINKS,Cola,2130,ml,6
Popshopp Grape 355 Ml,00018000901006,REFRESCO NORTH AMERICA,POP SHOPPE,CARBONATED SOFT DRINKS,Flavoured,2130,ml,6
Auralis Relaxed Reishi 355 Ml,00062805577282,BOREAL BOTANICAL BREWING,BOREAL BOTANICAL,CARBONATED SOFT DRINKS,Flavoured,2130,ml,6
Pepsi Throwback 355 Ml,00006900002088,PEPSICO,PEPSI,CARBONATED SOFT DRINKS,Cola,2130,ml,6
Incakola Soft Drink 2000 Ml,00004900003728,CONTINENTAL FOOD BEVERAGE,INCA KOLA,CARBONATED SOFT DRINKS,Ethnic,2000,ml,1
Barqs Spiced Cherry 355 Ml,00006700001916,COCA COLA,BARQS,CARBONATED SOFT DRINKS,Flavoured,2130,ml,6
Favuzzi Soda Mandarines 275 Ml,00083266101045,FAVUZZI INTERNATIONAL,FAVUZZI,CARBONATED SOFT DRINKS,Tonic And Ales,1650,ml,6
Gurds Mixers Ginger Beer 1000 Ml,00005749602148,STATION 22,GURDS,CARBONATED SOFT DRINKS,Tonic And Ales,1000,ml,1
Fentiman Cola Cherry 275 Ml,00502939601026,FENTIMANS,FENTIMANS,CARBONATED SOFT DRINKS,Cola,1650,ml,6
Mountain Dew Zero Sugar 355 Ml,00006900016859,PEPSICO,MOUNTAIN DEW,CARBONATED SOFT DRINKS,Flavoured,2130,ml,6
Cocacola Cherry 355 Ml,00006700001724,COCA COLA,CHERRY COKE,CARBONATED SOFT DRINKS,Flavoured,2130,ml,6
Sumol Drink Passionfruit 330 Ml,00560115198929,SUMOL,SUMOL,CARBONATED SOFT DRINKS,Ethnic,1980,ml,6
Uber/Seven Up Diete 591 Ml,00022345801000,OTHER MANUFACTURER,OTHER BRAND,CARBONATED SOFT DRINKS,Flavoured,3546,ml,6
Canaddry Tonc Water 355 Ml,00006210001244,COCA COLA,CANADA DRY,CARBONATED SOFT DRINKS,Tonic And Ales,2130,ml,6
Crush Orange Diet 591Ml 591 Ml,00005600001568,PEPSICO,CRUSH,CARBONATED SOFT DRINKS,Flavoured,3546,ml,6
Canaddry Gingerale Diet 355Ml 355 Ml,00006210001241,COCA COLA,CANADA DRY,CARBONATED SOFT DRINKS,Tonic And Ales,2130,ml,6
Cott Pop Orange 8X2L 2000.00 Ml,00006150001093,REFRESCO NORTH AMERICA,COTT,CARBONATED SOFT DRINKS,Flavoured,2000,ml,1
Budrmgin Beer Gngr Nonalch R/S 250 Ml,00085760501510,STAR MARKETING,BUDERIM GINGER,CARBONATED SOFT DRINKS,Flavoured,1500,ml,6
Pepsi Zero Sugar 355 Ml,00006900016900,PEPSICO,PEPSI ZERO,CARBONATED SOFT DRINKS,Flavoured,2130,ml,6
Favuzzi Tea Peach & Cantaloupe 275 Ml,00083266101047,FAVUZZI INTERNATIONAL,FAVUZZI,CARBONATED SOFT DRINKS,Tonic And Ales,1650,ml,6
Dads Cream Soda 355Ml 355 Ml,00083362701351,DADS SODA,DADS,CARBONATED SOFT DRINKS,Specialty,2130,ml,6
Big8 Soda Cola 591Ml 591 Ml,00000000003676,PRIVATE LABEL,BIG 8,CARBONATED SOFT DRINKS,Cola,3546,ml,6
Comp Cranberry Ginger Ale 355 Ml,00005574252154,PRIVATE LABEL,COMPLIMENTS,CARBONATED SOFT DRINKS,Tonic And Ales,2130,ml,6
Dandypop Drink Sour Peach 355 Ml,00062850424960,DANDY BREWING,DANDY,CARBONATED SOFT DRINKS,Flavoured,2130,ml,6
Minhascr Cream Soda 330 Ml,00008526841491,MINHAS MICRO BREWERY,MINHAS,CARBONATED SOFT DRINKS,Ethnic,1980,ml,6
National Pakola Cream Soda 250 Ml,00896400067092,PAK NATIONAL FOODS,NATIONAL,CARBONATED SOFT DRINKS,Ethnic,1500,ml,6
Soca Green Bubble Gum 400 Ml,00501439631270,SOCA,SOCA,CARBONATED SOFT DRINKS,Ethnic,2400,ml,6
Dandypop Crm Soda Chrry Vanill 355 Ml,00062850424954,DANDY BREWING,DANDY,CARBONATED SOFT DRINKS,Flavoured,2130,ml,6
Minhascr Cream Soda Orange 330 Ml,00008526841485,MINHAS MICRO BREWERY,MINHAS,CARBONATED SOFT DRINKS,Ethnic,1980,ml,6
Minhascr Soda Root Beer 330 Ml,00008526841488,MINHAS MICRO BREWERY,MINHAS,CARBONATED SOFT DRINKS,Ethnic,1980,ml,6
Sumol Drink Pineapple 330 Ml,00560115198928,SUMOL,SUMOL,CARBONATED SOFT DRINKS,Ethnic,1980,ml,6
Cott Pop Cream Soda 2L 2000 Ml,00006150001028,REFRESCO NORTH AMERICA,COTT,CARBONATED SOFT DRINKS,Specialty,2000,ml,1
Orangina Soft Drink Can 330 Ml,00084981901106,KEURIG DR PEPPER,ORANGINA,CARBONATED SOFT DRINKS,Flavoured,1980,ml,6
Canaddry Cranberry Ginger Ale 355 Ml,00006210001178,OTHER MANUFACTURER,OTHER BRAND,CARBONATED SOFT DRINKS,Flavoured,2130,ml,6
Auralis Lively Chaga 355 Ml,00062805577281,BOREAL BOTANICAL BREWING,BOREAL BOTANICAL,CARBONATED SOFT DRINKS,Flavoured,2130,ml,6
Postobon Soda Apple 2 L,00080809701432,POSTOBON,POSTOBON,CARBONATED SOFT DRINKS,Ethnic,2000,ml,1
Fentiman Lemonade Rose 275 Ml,00502939601032,FENTIMANS,FENTIMANS,CARBONATED SOFT DRINKS,Flavoured,1650,ml,6
Favuzzi Tea Lemon And Mandarin 275 Ml,00083266101046,FAVUZZI INTERNATIONAL,FAVUZZI,CARBONATED SOFT DRINKS,Tonic And Ales,1650,ml,6
Stewarts Soda Root Beer 355 Ml,00009879401041,KEURIG DR PEPPER,STEWARTS,CARBONATED SOFT DRINKS,Flavoured,2130,ml,6
Canaddry Gingerale (Nrg) 237 Ml,00006210001480,COCA COLA,CANADA DRY,CARBONATED SOFT DRINKS,Tonic And Ales,1422,ml,6
Boylans Soda Grape 355Ml 355 Ml,00076071208001,BOYLAN BOTTLING,BOYLAN,CARBONATED SOFT DRINKS,Flavoured,2130,ml,6
Fevertre Ginger Beer 200Ml 800 Ml,00089819501127,TFB ASSOCIATES,FEVER TREE,CARBONATED SOFT DRINKS,Tonic And Ales,800,ml,4
Fevertre Water Tonic 800 Ml,00089819501101,TFB ASSOCIATES,FEVER TREE,CARBONATED SOFT DRINKS,Tonic And Ales,800,ml,4
Fevertre Water Tonic Eldrflw 800 Ml,00089819501165,TFB ASSOCIATES,FEVER TREE,CARBONATED SOFT DRINKS,Tonic And Ales,800,ml,4
Fevertre Tonic Water Light 800 Ml,00506010846023,TFB ASSOCIATES,FEVER TREE,CARBONATED SOFT DRINKS,Tonic And Ales,800,ml,4
Fevertre Sprkling Pink Grapefr 800 Ml,00081213604092,TFB ASSOCIATES,FEVER TREE,CARBONATED SOFT DRINKS,Tonic And Ales,800,ml,4
Fevertre Tonic Water Aromatc 800 Ml,00089819501185,TFB ASSOCIATES,FEVER TREE,CARBONATED SOFT DRINKS,Tonic And Ales,800,ml,4
Fevertre Tonic Water Cucmbr 800 Ml,00081213604018,TFB ASSOCIATES,FEVER TREE,CARBONATED SOFT DRINKS,Tonic And Ales,800,ml,4
Grizzlypaw Root Beer 1420 Ml,00087452801001,GRIZZLY PAW BREWING,GRIZZLY PAW,CARBONATED SOFT DRINKS,Flavoured,1420,ml,4
Grizzlypaw Black Cherry Cola 1420 Ml,00087452801000,GRIZZLY PAW BREWING,GRIZZLY PAW,CARBONATED SOFT DRINKS,Flavoured,1420,ml,4
Fevertre Tonic Water Meditern 800 Ml,00506010846051,TFB ASSOCIATES,FEVER TREE,CARBONATED SOFT DRINKS,Tonic And Ales,800,ml,4
Grizzlypaw Cream Soda 1420 Ml,00087452801004,GRIZZLY PAW BREWING,GRIZZLY PAW,CARBONATED SOFT DRINKS,Flavoured,1420,ml,4
Grizzlypaw Orange Cream Soda 1420 Ml,00087452801003,GRIZZLY PAW BREWING,GRIZZLY PAW,CARBONATED SOFT DRINKS,Flavoured,1420,ml,4
Grizzlypaw Ginger Beer 1420 Ml,00087452801002,GRIZZLY PAW BREWING,GRIZZLY PAW,CARBONATED SOFT DRINKS,Flavoured,1420,ml,4
Grizzlypaw Grapefruit Soda 1420 Ml,00087452801005,GRIZZLY PAW BREWING,GRIZZLY PAW,CARBONATED SOFT DRINKS,Flavoured,1420,ml,4
Panache Prem Soda Ginger Beer 800 Ml,00062368213400,PRIVATE LABEL,PANACHE,CARBONATED SOFT DRINKS,Tonic And Ales,800,ml,4
Panache Prem Soda Tonic Water 800 Ml,00062368213401,PRIVATE LABEL,PANACHE,CARBONATED SOFT DRINKS,Tonic And Ales,800,ml,4
Fevertre Gingerale 800 Ml,00089819501109,TFB ASSOCIATES,FEVER TREE,CARBONATED SOFT DRINKS,Tonic And Ales,800,ml,4
Dads Root Beer 4 Ea,00083362701040,DADS SODA,DADS,CARBONATED SOFT DRINKS,Flavoured,1420,ml,4
Fentimans Ginger Beer 800 Ml,00502939601222,FENTIMANS,FENTIMANS,CARBONATED SOFT DRINKS,Tonic And Ales,800,ml,4
Grizzlypaw Orange Cream Soda 1420 Ml,00018244001194,GRIZZLY PAW BREWING,GRIZZLY PAW,CARBONATED SOFT DRINKS,Flavoured,1420,ml,4
Grizzlypaw Black Cherry Cola 1420 Ml,00018244001196,GRIZZLY PAW BREWING,GRIZZLY PAW,CARBONATED SOFT DRINKS,Flavoured,1420,ml,4
Fentiman Connoisseur Tonic 800 Ml,00502939601225,FENTIMANS,FENTIMANS,CARBONATED SOFT DRINKS,Tonic And Ales,800,ml,4
Grizzlypaw Cream Soda 1420 Ml,00018244001195,GRIZZLY PAW BREWING,GRIZZLY PAW,CARBONATED SOFT DRINKS,Flavoured,1420,ml,4
Grizzlypaw Ginger Beer 1420 Ml,00018244001198,GRIZZLY PAW BREWING,GRIZZLY PAW,CARBONATED SOFT DRINKS,Flavoured,1420,ml,4
Fevertre Smoky Ginger Ale 800 Ml,00089819501191,TFB ASSOCIATES,FEVER TREE,CARBONATED SOFT DRINKS,Tonic And Ales,800,ml,4
Valencian Orange Tonic 800 Ml,00502939601224,FENTIMANS,FENTIMANS,CARBONATED SOFT DRINKS,Tonic And Ales,800,ml,4
Grizzlypaw Grapefruit Soda 1420 Ml,00018244001193,GRIZZLY PAW BREWING,GRIZZLY PAW,CARBONATED SOFT DRINKS,Flavoured,1420,ml,4
Reeds Ginger Brew Original 1420 Ml,00000827412111,A LASSONDE,REEDS,CARBONATED SOFT DRINKS,Tonic And Ales,1420,ml,4
Reedsoda Drink Extra Ginger 1420 Ml,00000827445444,A LASSONDE,REEDS,CARBONATED SOFT DRINKS,Tonic And Ales,1420,ml,4
Pink Grapefruit Tonic 800 Ml,00502939601223,OTHER MANUFACTURER,OTHER BRAND,CARBONATED SOFT DRINKS,Tonic And Ales,800,ml,4
Grizzlypaw Root Beer 1420 Ml,00018244001197,GRIZZLY PAW BREWING,GRIZZLY PAW,CARBONATED SOFT DRINKS,Flavoured,1420,ml,4
Thrstbud Soda Vintage 1420 Ml,00062756143156,UNKNOWN,UNKNOWN,CARBONATED SOFT DRINKS,Flavoured,1420,ml,4
Popshopp Bev Black Cherry 1420 Ml,00018000901017,REFRESCO NORTH AMERICA,POP SHOPPE,CARBONATED SOFT DRINKS,Flavoured,1420,ml,4
Jonesoda Soda Orange N Cream 1420 Ml,00062022125003,A LASSONDE,JONES SODA,CARBONATED SOFT DRINKS,Flavoured,1420,ml,4
Virgsoda Drink Black Cherry 1420 Ml,00009034124115,A LASSONDE,VIRGILS,CARBONATED SOFT DRINKS,Flavoured,1420,ml,4
Slpnggnt Ginger Ale 1420 Ml,00080757401026,SLEEPING GIANT BREWING,SLEEPING GIANT,CARBONATED SOFT DRINKS,Flavoured,1420,ml,4
Jonesoda Soda Blue Bubblegum 1420 Ml,00062022125011,A LASSONDE,JONES SODA,CARBONATED SOFT DRINKS,Flavoured,1420,ml,4
Popshopp Bev Lime Ricky 1420 Ml,00018000901018,REFRESCO NORTH AMERICA,POP SHOPPE,CARBONATED SOFT DRINKS,Flavoured,1420,ml,4
Fevertre Tonic Water Light 800 Ml,00506010846025,TFB ASSOCIATES,FEVER TREE,CARBONATED SOFT DRINKS,Tonic And Ales,800,ml,4
Fevertre Tonic Water Light 800 Ml,00089819501119,TFB ASSOCIATES,FEVER TREE,CARBONATED SOFT DRINKS,Tonic And Ales,800,ml,4
Fevrtree Tonic Water Ultimate 800 Ml,00089819501196,TFB ASSOCIATES,FEVER TREE,CARBONATED SOFT DRINKS,Tonic And Ales,800,ml,4
Canaddry Cranberry Ginger Ale 500 Ml,00006210001009,COCA COLA,CANADA DRY,CARBONATED SOFT DRINKS,Tonic And Ales,500,ml,1
Favuzzi Soda Ginger Beer 275 Ml,00083266101048,FAVUZZI INTERNATIONAL,FAVUZZI,CARBONATED SOFT DRINKS,Tonic And Ales,275,ml,1
Crush Soda Grape Cans 355Ml 355 Ml,00005600001602,PEPSICO,CRUSH,CARBONATED SOFT DRINKS,Flavoured,355,ml,1
Dads Soda Orange Cream 355Ml 355 Ml,00083362701352,DADS SODA,DADS,CARBONATED SOFT DRINKS,Flavoured,355,ml,1
Sleepinggiant Craft Ginger Ale 355 Ml,00080757401011,SLEEPING GIANT BREWING,SLEEPING GIANT,CARBONATED SOFT DRINKS,Cola,355,ml,1
Brio Aranciata Rossa Bottle 355 Ml,00005995751536,NATIONAL DRY BEVERAGES,BRIO,CARBONATED SOFT DRINKS,Ethnic,355,ml,1
Minhascr Soda Grape 330 Ml,00008526841497,MINHAS MICRO BREWERY,MINHAS,CARBONATED SOFT DRINKS,Ethnic,330,ml,1
Dandypop Soda Blue Orange 355 Ml,00062850424974,DANDY BREWING,DANDY,CARBONATED SOFT DRINKS,Flavoured,355,ml,1
Sussex Ginger Ale Golden 355Ml 355 Ml,00005600001617,PEPSICO,SUSSEX,CARBONATED SOFT DRINKS,Tonic And Ales,355,ml,1
A&W Root Beer Diet 355 Ml,00005953101102,COCA COLA,AW,CARBONATED SOFT DRINKS,Flavoured,355,ml,1
Minhascr Soda Black Cherry 330 Ml,00008526841479,MINHAS MICRO BREWERY,MINHAS,CARBONATED SOFT DRINKS,Ethnic,330,ml,1
Phillips Rootbeer All Natural 355 Ml,00081827801899,PHILLIPS BREWING,PHILLIPS,CARBONATED SOFT DRINKS,Flavoured,355,ml,1
Comp Sd Tonic Water 355 Ml,00005574234582,PRIVATE LABEL,COMPLIMENTS,CARBONATED SOFT DRINKS,Tonic And Ales,355,ml,1
Minhascr Cream Soda Blueberry 330 Ml,00008526841482,MINHAS MICRO BREWERY,MINHAS,CARBONATED SOFT DRINKS,Ethnic,330,ml,1
Canaddry Club Soda 355Ml 355 Ml,00006210001243,COCA COLA,CANADA DRY,CARBONATED SOFT DRINKS,Tonic And Ales,355,ml,1
Fentiman Ginger Beer 275 Ml,00502939601031,FENTIMANS,FENTIMANS,CARBONATED SOFT DRINKS,Tonic And Ales,275,ml,1
Cocacola Softdrink Zero Cherry 355 Ml,00006700001819,COCA COLA,COKE ZERO,CARBONATED SOFT DRINKS,Cola,355,ml,1
Sumol Drink Orange 330 Ml,00560115198927,SUMOL,SUMOL,CARBONATED SOFT DRINKS,Ethnic,330,ml,1
Aha Crbn Wtr Peach Honey 500 Ml,00006700001982,COCA COLA,AHA,CARBONATED SOFT DRINKS,Cola,500,ml,1
Cocacola Diet Caff/Free Can 355 Ml,00006700001929,COCA COLA,COKE CAFFEINE FREE,CARBONATED SOFT DRINKS,Cola,355,ml,1
Cocacola Zero Sugar Zero Caff 355 Ml,00006700002116,COCA COLA,COKE ZERO,CARBONATED SOFT DRINKS,Cola,355,ml,1
Stewarts Soda Orange Cream 355 Ml,00009879401043,KEURIG DR PEPPER,STEWARTS,CARBONATED SOFT DRINKS,Flavoured,355,ml,1
Fanta Orange Bottle 300 Ml,00006700001018,COCA COLA,FANTA,CARBONATED SOFT DRINKS,Cola,300,ml,1
Favuzzi Soda Lemon Tonic 275 Ml,00083266101049,FAVUZZI INTERNATIONAL,FAVUZZI,CARBONATED SOFT DRINKS,Tonic And Ales,275,ml,1
Brio Aranciata Bottle Glass 355 Ml,00005995751534,NATIONAL DRY BEVERAGES,BRIO,CARBONATED SOFT DRINKS,Ethnic,355,ml,1
Comp Tonic Water Diet 355 Ml,00005574252217,PRIVATE LABEL,COMPLIMENTS,CARBONATED SOFT DRINKS,Tonic And Ales,355,ml,1
Stewarts Soda Key Lime 355 Ml,00009879401045,KEURIG DR PEPPER,STEWARTS,CARBONATED SOFT DRINKS,Flavoured,355,ml,1
Newlevl Crft Soda Painappl Pnc 473 Ml,00062825008855,NEW LEVEL BREWING,NEW LEVEL,CARBONATED SOFT DRINKS,Flavoured,473,ml,1
Gosling Ginger Beer 355 Ml,00072109420974,GOSLING BROTHERS,GOSLINGS,CARBONATED SOFT DRINKS,Tonic And Ales,355,ml,1
Cocacola Dreamworld 300 Ml,00006700002144,COCA COLA,COCA COLA,CARBONATED SOFT DRINKS,Cola,300,ml,1
Aha Crbn Wtr Blueberry Pome 500 Ml,00006700001927,COCA COLA,AHA,CARBONATED SOFT DRINKS,Cola,500,ml,1
Teja Miranda Can 250 Ml,00890208021502,TEJA FOODS,TEJA,CARBONATED SOFT DRINKS,Ethnic,250,ml,1
Chill Street Fireworks Ginger 330 Ml,00084055701007,CHILL STREET BREWING,CHILL STREET,CARBONATED SOFT DRINKS,Cola,330,ml,1
Philips Soda Cola All Natural 355 Ml,00081827801902,PHILLIPS BREWING,PHILLIPS,CARBONATED SOFT DRINKS,Flavoured,355,ml,1
Schweppe Ginger Ale Zero Sugar 355 Ml,00001660001024,PEPSICO,SCHWEPPES,CARBONATED SOFT DRINKS,Flavoured,355,ml,1
Newlevl Crftsda Mcktl Mule Kck 473 Ml,00062825008872,NEW LEVEL BREWING,NEW LEVEL,CARBONATED SOFT DRINKS,Flavoured,473,ml,1
Hamdard Sharbat Rooh Afza 750 Ml,00890145301004,HAMDARD,HAMDARD,CARBONATED SOFT DRINKS,Ethnic,750,ml,1
Stewart Soda Black Cherry 355 Ml,00009879401039,KEURIG DR PEPPER,STEWARTS,CARBONATED SOFT DRINKS,Flavoured,355,ml,1
Canadadr Lemonade Ginger Ale 355 Ml,00006210002123,COCA COLA,CANADA DRY,CARBONATED SOFT DRINKS,Flavoured,355,ml,1
Cocacola Cherry Coke 330 Ml,00544900001950,COCA COLA,COKE ZERO,CARBONATED SOFT DRINKS,Cola,330,ml,1
Mug Rootbeer Diet 355Ml 355 Ml,00006900005076,PEPSICO,MUG,CARBONATED SOFT DRINKS,Flavoured,355,ml,1
Drpepper Zero Sugar 355 Ml,00005490001006,PEPSICO,DR PEPPER,CARBONATED SOFT DRINKS,Cola,355,ml,1
Brio Limonata Bottle 355 Ml,00005995751535,NATIONAL DRY BEVERAGES,BRIO,CARBONATED SOFT DRINKS,Ethnic,355,ml,1
Newlevel Crft Soda Rpr Rootbee 473 Ml,00062825008882,NEW LEVEL BREWING,NEW LEVEL,CARBONATED SOFT DRINKS,Flavoured,473,ml,1
Guarana Beverage Antarcclssc 350 Ml,00789199102390,OTHER MANUFACTURER,OTHER BRAND,CARBONATED SOFT DRINKS,Cola,350,ml,1
Canaddry Ginger Ale Zero Sugar 355 Ml,00006210001018,COCA COLA,CANADA DRY,CARBONATED SOFT DRINKS,Cola,355,ml,1
Stewarts Soda Cream 355 Ml,00009879401037,KEURIG DR PEPPER,STEWARTS,CARBONATED SOFT DRINKS,Specialty,355,ml,1
Muskoka Old Tyme Orange 355 Ml,00062168063238,MUSKOKA BREWERY,MUSKOKA,CARBONATED SOFT DRINKS,Flavoured,355,ml,1
Phillips Soda Spitfire Gngrale 355 Ml,00081827801900,PHILLIPS BREWING,PHILLIPS,CARBONATED SOFT DRINKS,Flavoured,355,ml,1
Phillips Soda Daredevl Orngcrm 355 Ml,00081827801901,PHILLIPS BREWING,PHILLIPS,CARBONATED SOFT DRINKS,Flavoured,355,ml,1
Cocacola Dreamworld Zero Sugar 300 Ml,00006700002148,COCA COLA,COKE ZERO,CARBONATED SOFT DRINKS,Cola,300,ml,1
Brio Chinotto Can 355 Ml,00005995751630,NATIONAL DRY BEVERAGES,BRIO,CARBONATED SOFT DRINKS,Flavoured,355,ml,1
Brio Soft Drink Chinotto Btl 355 Ml,00005995721320,NATIONAL DRY BEVERAGES,BRIO,CARBONATED SOFT DRINKS,Flavoured,355,ml,1
Canaddry Ginger Ale Pomegranat 355 Ml,00006210001115,COCA COLA,CANADA DRY,CARBONATED SOFT DRINKS,Tonic And Ales,355,ml,1
Compliments Asst. Single Tins 355 Ml,00000000003654,PRIVATE LABEL,COMPLIMENTS,CARBONATED SOFT DRINKS,Flavoured,355,ml,1
Muskoka Pale Ginger Ale 355 Ml,00062168063232,MUSKOKA BREWERY,MUSKOKA,CARBONATED SOFT DRINKS,Tonic And Ales,355,ml,1
Sumol Drink Passionfruit 330 Ml,00068297801133,SUMOL,SUMOL,CARBONATED SOFT DRINKS,Ethnic,330,ml,1
Fevertre Ginger Ale 500 Ml,00506010846028,TFB ASSOCIATES,FEVER TREE,CARBONATED SOFT DRINKS,Tonic And Ales,500,ml,1
Lotte Milkis Soda Strawberry 1500 Ml,00880105601642,LOTTE CO,LOTTE,CARBONATED SOFT DRINKS,Ethnic,1500,ml,1
Pepsi Wild Cherry 355 Ml,00006900031000,PEPSICO,PEPSI WILD CHERRY,CARBONATED SOFT DRINKS,Flavoured,355,ml,1
Branded Single Tin Soda Pop 355 Ml,00000000003413,OTHER MANUFACTURER,OTHER BRAND,CARBONATED SOFT DRINKS,Flavoured,355,ml,1
Canaddry Ginger Ale Blackberry 355 Ml,00006210001062,COCA COLA,CANADA DRY,CARBONATED SOFT DRINKS,Tonic And Ales,355,ml,1
Marco Soda Black Cherry Can 355 Ml,00062869376103,SODAS MARCO,SODAS MARCO,CARBONATED SOFT DRINKS,Flavoured,355,ml,1
Schweppe Ginger Ale 355 Ml,00001660001093,PEPSICO,SCHWEPPES,CARBONATED SOFT DRINKS,Tonic And Ales,355,ml,1
Boylans Soda Grape 4X355Ml 355 Ml,00076071208010,BOYLAN BOTTLING,BOYLAN,CARBONATED SOFT DRINKS,Flavoured,355,ml,1
Cott Pop Ginger Ale 8X2L 2000.00 Ml,00006150001723,REFRESCO NORTH AMERICA,COTT,CARBONATED SOFT DRINKS,Tonic And Ales,2000,ml,1
Muskoka Stone Ginger Beer 355 Ml,00062168063247,MUSKOKA BREWERY,MUSKOKA,CARBONATED SOFT DRINKS,Flavoured,355,ml,1
Kiri Soda Beer Spruce 355 Ml,00077240315667,KIRI,KIRI,CARBONATED SOFT DRINKS,Flavoured,355,ml,1
Candry Ginger Ale Cbry 355Ml 355 Ml,00006210001248,COCA COLA,CANADA DRY,CARBONATED SOFT DRINKS,Tonic And Ales,355,ml,1
Mountain Dew Diet 591 Ml,00006900006058,PEPSICO,MOUNTAIN DEW,CARBONATED SOFT DRINKS,Flavoured,591,ml,1
Chill Street Picnic Wild Blueb 330 Ml,00084055701009,CHILL STREET BREWING,CHILL STREET,CARBONATED SOFT DRINKS,Cola,330,ml,1
Minhascr Ginger Beer 330 Ml,00008526841494,MINHAS MICRO BREWERY,MINHAS,CARBONATED SOFT DRINKS,Ethnic,330,ml,1
Stewarts Soda Grape 355 Ml,00009879401035,KEURIG DR PEPPER,STEWARTS,CARBONATED SOFT DRINKS,Flavoured,355,ml,1
Muskoka Silver Birch Beer 355 Ml,00062168063244,MUSKOKA BREWERY,MUSKOKA,CARBONATED SOFT DRINKS,Flavoured,355,ml,1
Fentiman Wild English Eldrflwr 275 Ml,00502939601039,FENTIMANS,FENTIMANS,CARBONATED SOFT DRINKS,Tonic And Ales,275,ml,1
Slpgiant Soda Blood Orange 355 Ml,00080757401032,SLEEPING GIANT BREWING,SLEEPING GIANT,CARBONATED SOFT DRINKS,Flavoured,355,ml,1
Pet Sevenup Diet 355 Ml,00006540001962,PEPSICO,7 UP,CARBONATED SOFT DRINKS,Flavoured,355,ml,1
Muskoka Maple Cream Ale 355 Ml,00062168063241,MUSKOKA BREWERY,MUSKOKA,CARBONATED SOFT DRINKS,Specialty,355,ml,1
Sumol Drink Pineapple 330 Ml,00068297801014,SUMOL,SUMOL,CARBONATED SOFT DRINKS,Ethnic,330,ml,1
Rieme Lemonade Bld Orn Crcklng 330 Ml,00085123101076,RIEME,RIEME,CARBONATED SOFT DRINKS,Flavoured,330,ml,1
Cocacola Artist Marshmello Ltd 355 Ml,00006700002138,COCA COLA,COCA COLA,CARBONATED SOFT DRINKS,Cola,355,ml,1
Hata Ramune Soda Lychee Flv 200 Ml,00490249420033,HATA RAMUNE,HATA RAMUNE,CARBONATED SOFT DRINKS,Ethnic,200,ml,1
1642 Tonic Sparkling Beverage 275 Ml,00062805581901,1642 SODAS,1642,CARBONATED SOFT DRINKS,Cola,275,ml,1
Rieme Lemonade Crackling 330 Ml,00085123101017,RIEME,RIEME,CARBONATED SOFT DRINKS,Flavoured,330,ml,1
Brio Gassosa Bottle 355 Ml,00005995751537,NATIONAL DRY BEVERAGES,BRIO,CARBONATED SOFT DRINKS,Flavoured,355,ml,1
Cocacola Sft Drnk Move Bottles 300 Ml,00006700001016,COCA COLA,COCA COLA,CARBONATED SOFT DRINKS,Cola,300,ml,1
Big8 Tonic Water 355 Ml,00006448001307,PRIVATE LABEL,BIG 8,CARBONATED SOFT DRINKS,Cola,355,ml,1
Fanta Orange Can 355 Ml,00006700001433,COCA COLA,FANTA,CARBONATED SOFT DRINKS,Flavoured,355,ml,1
Slpgiant Soda Black Cherry 355 Ml,00080757401022,SLEEPING GIANT BREWING,SLEEPING GIANT,CARBONATED SOFT DRINKS,Flavoured,355,ml,1
Great Jamaican Tonic Water 1500 Ml,00005578901961,THE GREAT GENTLEMAN,THE GREAT GENTLEMAN,CARBONATED SOFT DRINKS,Tonic And Ales,1500,ml,1
Schwepps Club Soda 355Ml 355 Ml,00001660001015,PEPSICO,SCHWEPPES,CARBONATED SOFT DRINKS,Tonic And Ales,355,ml,1
Cocacola Soft Drink Dreamworld 500 Ml,00006700002142,COCA COLA,COCA COLA,CARBONATED SOFT DRINKS,Cola,500,ml,1
Dg Pink Ting 300 Ml,00085862901132,SHAH TRADING CO,DG,CARBONATED SOFT DRINKS,Ethnic,300,ml,1
Virgil Root Beer 355 Ml,00003391922212,A LASSONDE,VIRGILS,CARBONATED SOFT DRINKS,Flavoured,355,ml,1
Sumol Drink Orange 330 Ml,00068297801043,SUMOL,SUMOL,CARBONATED SOFT DRINKS,Ethnic,330,ml,1
Orangina Soft Drinks 420 Ml,00084981901107,KEURIG DR PEPPER,ORANGINA,CARBONATED SOFT DRINKS,Flavoured,420,ml,1
Cott Pop Root Beer 2L 2000 Ml,00006150001793,REFRESCO NORTH AMERICA,COTT,CARBONATED SOFT DRINKS,Flavoured,2000,ml,1
Hata Ramune Soda Pineapple Flv 200 Ml,00490249412002,HATA RAMUNE,HATA RAMUNE,CARBONATED SOFT DRINKS,Ethnic,200,ml,1
Sangrias Soft Drink Grp Cider 330 Ml,00009047843100,SANGRIAS SENORIAL,SANGRIAS SENORIAL,CARBONATED SOFT DRINKS,Flavoured,330,ml,1
Virgil Cream Soda 355 Ml,00003391913345,A LASSONDE,VIRGILS,CARBONATED SOFT DRINKS,Specialty,355,ml,1
Loux Orangade 1500 Ml,00520223811007,LOUX,LOUX,CARBONATED SOFT DRINKS,Ethnic,1500,ml,1
Drpepper Diet 355 Ml,00005490001030,PEPSICO,DR PEPPER,CARBONATED SOFT DRINKS,Flavoured,355,ml,1
Cocacola Zero Sugar Move 300 Ml,00006700001017,COCA COLA,COKE ZERO,CARBONATED SOFT DRINKS,Cola,300,ml,1
Jonesoda Pineapple Cream Soda 355 Ml,00062022121013,A LASSONDE,JONES SODA,CARBONATED SOFT DRINKS,Specialty,355,ml,1
Cocacola Zero Sugar Dreamworld 500 Ml,00006700002146,COCA COLA,COKE ZERO,CARBONATED SOFT DRINKS,Cola,500,ml,1
Maguary Cashew Juice 1000 Ml,00789600054035,MAGUARY,MAGUARY,CARBONATED SOFT DRINKS,Ethnic,1000,ml,1
Sprite Soft Drink Lymonade 355 Ml,00006700002166,COCA COLA,SPRITE,CARBONATED SOFT DRINKS,Tonic And Ales,355,ml,1
Canaddry Gng Ale Crft Prem 237 Ml,00006210001133,COCA COLA,CANADA DRY,CARBONATED SOFT DRINKS,Cola,237,ml,1
Teja Soda Masala 250 Ml,00006033511384,TEJA FOODS,TEJA,CARBONATED SOFT DRINKS,Ethnic,250,ml,1
Canaddry Gingerale Diet Blckb 355 Ml,00006210001192,COCA COLA,CANADA DRY,CARBONATED SOFT DRINKS,Tonic And Ales,355,ml,1
Marco Soda Ginger Can 355 Ml,00062869376104,SODAS MARCO,SODAS MARCO,CARBONATED SOFT DRINKS,Flavoured,355,ml,1
Mountdew Ice 591 Ml,00006900001827,PEPSICO,MOUNTAIN DEW,CARBONATED SOFT DRINKS,Cola,591,ml,1
Rieme Pink Lemonade Crackling 330 Ml,00085123101020,RIEME,RIEME,CARBONATED SOFT DRINKS,Flavoured,330,ml,1
Jarritos Soft Drink Hibiscus 370 Ml,00009047801264,JARRITOS,JARRITOS,CARBONATED SOFT DRINKS,Flavoured,370,ml,1
Fentiman Soda Tonic Water 275 Ml,00502939601034,FENTIMANS,FENTIMANS,CARBONATED SOFT DRINKS,Tonic And Ales,275,ml,1
Loux Lemonade 1000 Ml,00520223811017,LOUX,LOUX,CARBONATED SOFT DRINKS,Ethnic,1000,ml,1
Pepsi Zero Sugar Wild Cherry 355 Ml,00006900016993,PEPSICO,PEPSI ZERO,CARBONATED SOFT DRINKS,Cola,355,ml,1
Rieme Lemonade Orng Crackling 330 Ml,00085123101018,RIEME,RIEME,CARBONATED SOFT DRINKS,Flavoured,330,ml,1
Cocacola Zero Sgr Artst M/Mall 355 Ml,00006700002140,COCA COLA,COKE ZERO,CARBONATED SOFT DRINKS,Cola,355,ml,1
Jarritos Mandarin Drink 1.5L 1500 Ml,00009047822621,JARRITOS,JARRITOS,CARBONATED SOFT DRINKS,Flavoured,1500,ml,1
Fentiman Cola Cherry 275 Ml,00502939601035,FENTIMANS,FENTIMANS,CARBONATED SOFT DRINKS,Cola,275,ml,1
Bearbver Ginger Beer 473 Ml,00088522901197,DOUBLE D BEVERAGE CO,BEAVER BUZZ,CARBONATED SOFT DRINKS,Flavoured,473,ml,1
Cott Drink Black Cherry 2L 2000 Ml,00006150001443,REFRESCO NORTH AMERICA,COTT,CARBONATED SOFT DRINKS,Flavoured,2000,ml,1
Big8 Tonic Diet 355 Ml,00006448001308,PRIVATE LABEL,BIG 8,CARBONATED SOFT DRINKS,Cola,355,ml,1
Maguary Guava Juice 1000 Ml,00789600054026,MAGUARY,MAGUARY,CARBONATED SOFT DRINKS,Ethnic,1000,ml,1
Marco Soda Root Beer Can 355 Ml,00062869376105,SODAS MARCO,SODAS MARCO,CARBONATED SOFT DRINKS,Flavoured,355,ml,1
Mtndew Soda Baja Gold 591 Ml,00006900016958,PEPSICO,MOUNTAIN DEW,CARBONATED SOFT DRINKS,Cola,591,ml,1
Rieme Lemonade Grpfrt Crcklng 330 Ml,00085123101019,RIEME,RIEME,CARBONATED SOFT DRINKS,Flavoured,330,ml,1
Dg Cream Soda 355Ml 355 Ml,00085862901100,SHAH TRADING CO,DG,CARBONATED SOFT DRINKS,Specialty,355,ml,1
Amira Cola Bottle Clear Halal 200 G,00006946781712,AMIRA,AMIRA,CARBONATED SOFT DRINKS,Ethnic,200,ml,1
Jarritos Pineapple Drink 1.5L 1500 Ml,00009047822627,JARRITOS,JARRITOS,CARBONATED SOFT DRINKS,Flavoured,1500,ml,1
Big8 Soda Lemon Lime Sgr/Fr 2L 2000 Ml,00000000003692,PRIVATE LABEL,BIG 8,CARBONATED SOFT DRINKS,Flavoured,2000,ml,1
Cott Pop Black Cherry 355Ml 355 Ml,00006150001124,REFRESCO NORTH AMERICA,COTT,CARBONATED SOFT DRINKS,Flavoured,355,ml,1
Cocacola Classic 355 Ml,00006700011483,COCA COLA,COKE CLASSIC,CARBONATED SOFT DRINKS,Cola,355,ml,1
Cocacola Zero Frdg/Mt 12X355Ml 355 Ml,00006700011665,COCA COLA,COKE ZERO,CARBONATED SOFT DRINKS,Cola,355,ml,1
Canaddry Gingerale 355 Ml,00006210001893,COCA COLA,CANADA DRY,CARBONATED SOFT DRINKS,Tonic And Ales,355,ml,1
Pepsi 2L 2000 Ml,00006900001261,PEPSICO,PEPSI,CARBONATED SOFT DRINKS,Cola,2000,ml,1
Cocacola Diet 12X355Ml 355 Ml,00006700011484,COCA COLA,DIET COKE,CARBONATED SOFT DRINKS,Cola,355,ml,1
Cocacola Classic 2000 Ml,00006700001427,COCA COLA,COKE CLASSIC,CARBONATED SOFT DRINKS,Cola,2000,ml,1
Pepsi 591 Ml,00006900001991,PEPSICO,PEPSI,CARBONATED SOFT DRINKS,Cola,591,ml,1
Cocacola Classic 500 Ml,00006700001462,COCA COLA,COKE CLASSIC,CARBONATED SOFT DRINKS,Cola,500,ml,1
Pepsi Zero Sugar 355 Ml,00006900002371,PEPSICO,PEPSI ZERO,CARBONATED SOFT DRINKS,Cola,355,ml,1
Sprite 12X355Ml 355 Ml,00006700011485,COCA COLA,SPRITE,CARBONATED SOFT DRINKS,Flavoured,355,ml,1
Pepsi Diet 2L 2000 Ml,00006900002261,PEPSICO,PEPSI DIET,CARBONATED SOFT DRINKS,Cola,2000,ml,1
Fresca Frdge/Mate Sugar Free 355 Ml,00006700011492,COCA COLA,FRESCA,CARBONATED SOFT DRINKS,Flavoured,355,ml,1
Cocacola Zero 2000 Ml,00006700011668,COCA COLA,COKE ZERO,CARBONATED SOFT DRINKS,Cola,2000,ml,1
Pepsi Diet 591Ml 591 Ml,00006900002983,PEPSICO,PEPSI DIET,CARBONATED SOFT DRINKS,Cola,591,ml,1
Canaddry Gingerale 2000 Ml,00006210001157,COCA COLA,CANADA DRY,CARBONATED SOFT DRINKS,Tonic And Ales,2000,ml,1
Cocacola Soft Drink Bottle 300 Ml,00006700001922,COCA COLA,COCA COLA,CARBONATED SOFT DRINKS,Cola,300,ml,1
Pepsi 1000 Ml,00006900001982,PEPSICO,PEPSI,CARBONATED SOFT DRINKS,Cola,1000,ml,1
Drpepper Cans 355 Ml,00005490004007,PEPSICO,DR PEPPER,CARBONATED SOFT DRINKS,Flavoured,355,ml,1
Cocacola Zero 500 Ml,00006700001463,COCA COLA,COKE ZERO,CARBONATED SOFT DRINKS,Cola,500,ml,1
7Up 2L 2000 Ml,00006540001073,PEPSICO,7 UP,CARBONATED SOFT DRINKS,Flavoured,2000,ml,1
Cocacola Diet 2000 Ml,00006700001897,COCA COLA,DIET COKE,CARBONATED SOFT DRINKS,Cola,2000,ml,1
Cocacola Softdrink Zero Cherry 355 Ml,00006700012231,COCA COLA,COKE ZERO,CARBONATED SOFT DRINKS,Cola,355,ml,1
Grtgentl Ginger Beer 1500 Ml,00005578901966,THE GREAT GENTLEMAN,THE GREAT GENTLEMAN,CARBONATED SOFT DRINKS,Ethnic,1500,ml,1
Cocacola Diet 500 Ml,00006700001464,COCA COLA,DIET COKE,CARBONATED SOFT DRINKS,Cola,500,ml,1
Candry Ginger Ale 300 Ml,00006210001118,COCA COLA,CANADA DRY,CARBONATED SOFT DRINKS,Cola,300,ml,1
Canaddry Gingerale 500 Ml,00006210001000,COCA COLA,CANADA DRY,CARBONATED SOFT DRINKS,Tonic And Ales,500,ml,1
Canaddry Ginger Ale Zero Sugar 355 Ml,00006210002130,COCA COLA,CANADA DRY,CARBONATED SOFT DRINKS,Cola,355,ml,1
Mountdew 355 Ml,00006900003009,PEPSICO,MOUNTAIN DEW,CARBONATED SOFT DRINKS,Flavoured,355,ml,1
Drpepper Zero Sugar 355 Ml,00005490001137,PEPSICO,DR PEPPER,CARBONATED SOFT DRINKS,Cola,355,ml,1
Sprite Zero 355 Ml,00006700012056,COCA COLA,SPRITE ZERO,CARBONATED SOFT DRINKS,Flavoured,355,ml,1
Pepsi Cans 355 Ml,00006900001429,PEPSICO,PEPSI,CARBONATED SOFT DRINKS,Cola,355,ml,1
Canaddry Tonc Water 355 Ml,00006210001896,COCA COLA,CANADA DRY,CARBONATED SOFT DRINKS,Tonic And Ales,355,ml,1
Cocacola Zero Sugar Zero Caff 355 Ml,00006700002117,COCA COLA,COKE ZERO,CARBONATED SOFT DRINKS,Cola,355,ml,1
Pepsi 355 Ml,00006900002003,PEPSICO,PEPSI,CARBONATED SOFT DRINKS,Flavoured,355,ml,1
Comp Sd Club Soda 355 Ml,00005574251997,PRIVATE LABEL,COMPLIMENTS,CARBONATED SOFT DRINKS,Tonic And Ales,355,ml,1
Pepsi Big Slam Diet 1L 1000 Ml,00006900002063,PEPSICO,PEPSI,CARBONATED SOFT DRINKS,Cola,1000,ml,1
A&W Root Beer Diet 355 Ml,00005953101320,COCA COLA,AW,CARBONATED SOFT DRINKS,Flavoured,355,ml,1
Sprite 2000 Ml,00006700001506,COCA COLA,SPRITE,CARBONATED SOFT DRINKS,Flavoured,2000,ml,1
Cocacola Soft Drink Zero Sugar 300 Ml,00006700001924,COCA COLA,COKE ZERO,CARBONATED SOFT DRINKS,Cola,300,ml,1
Cocacola Classic 1000 Ml,00006700001416,COCA COLA,COKE CLASSIC,CARBONATED SOFT DRINKS,Cola,1000,ml,1
7Up Zero 2000 Ml,00006540001074,PEPSICO,7 UP,CARBONATED SOFT DRINKS,Flavoured,2000,ml,1
Pepsi Throwback 355 Ml,00006900002089,PEPSICO,PEPSI,CARBONATED SOFT DRINKS,Cola,355,ml,1
7Up 591Ml 591 Ml,00006540001101,PEPSICO,7 UP,CARBONATED SOFT DRINKS,Flavoured,591,ml,1
Cocacola Diet Caff/Free Can 355 Ml,00006700011486,COCA COLA,COKE CAFFEINE FREE,CARBONATED SOFT DRINKS,Cola,355,ml,1
Dietcoke Soft Drink Bottle 300 Ml,00006700001923,COCA COLA,DIET COKE,CARBONATED SOFT DRINKS,Cola,300,ml,1
Pepsi Zero Sugar 591 Ml,00006900002374,PEPSICO,PEPSI ZERO,CARBONATED SOFT DRINKS,Cola,591,ml,1
Sprite 500Ml 500 Ml,00006700001465,COCA COLA,SPRITE,CARBONATED SOFT DRINKS,Flavoured,500,ml,1
Crush Soda Orange 2L 2000 Ml,00005600001090,PEPSICO,CRUSH,CARBONATED SOFT DRINKS,Flavoured,2000,ml,1
Pepsi Cans 355 Ml,00006900001425,PEPSICO,PEPSI,CARBONATED SOFT DRINKS,Cola,355,ml,1
Pepsi Zero Sugar 2000 Ml,00006900002376,PEPSICO,PEPSI ZERO,CARBONATED SOFT DRINKS,Cola,2000,ml,1
Canaddry Blackberry Ginger Ale 355 Ml,00006210002031,COCA COLA,CANADA DRY,CARBONATED SOFT DRINKS,Tonic And Ales,355,ml,1
Mountain Dew Zero Sugar 355 Ml,00006900016860,PEPSICO,MOUNTAIN DEW,CARBONATED SOFT DRINKS,Flavoured,355,ml,1
Crush Soda Orange 591Ml 591 Ml,00005600001543,PEPSICO,CRUSH,CARBONATED SOFT DRINKS,Flavoured,591,ml,1
Fresca Sugar Free 2000 Ml,00006700001555,COCA COLA,FRESCA,CARBONATED SOFT DRINKS,Flavoured,2000,ml,1
Pepsi Diet 355 Ml,00006900002079,PEPSICO,PEPSI DIET,CARBONATED SOFT DRINKS,Flavoured,355,ml,1
Pepsi Diet Caffeine Free 2L 2000 Ml,00006900021261,PEPSICO,PEPSI CAFFEINE FREE DIET,CARBONATED SOFT DRINKS,Cola,2000,ml,1
A&W Soft Drink Root Beer 341 Ml,00005953101235,COCA COLA,AW,CARBONATED SOFT DRINKS,Flavoured,341,ml,1
Pepsi Can 473Ml 473 Ml,00006900002012,PEPSICO,PEPSI,CARBONATED SOFT DRINKS,Cola,473,ml,1
Comp Soda Cola Red Label 2000 Ml,00005574234516,PRIVATE LABEL,COMPLIMENTS,CARBONATED SOFT DRINKS,Cola,2000,ml,1
Canaddry Gingerale Diet 2000 Ml,00006210001158,COCA COLA,CANADA DRY,CARBONATED SOFT DRINKS,Tonic And Ales,2000,ml,1
Pepsi Cola Diet 355 Ml,00006900002429,PEPSICO,PEPSI DIET,CARBONATED SOFT DRINKS,Cola,355,ml,1
Comp Ginger Ale 355 Ml,00005574252009,PRIVATE LABEL,COMPLIMENTS,CARBONATED SOFT DRINKS,Tonic And Ales,355,ml,1
Dr Pepper 591Ml 591 Ml,00005490001007,PEPSICO,DR PEPPER,CARBONATED SOFT DRINKS,Flavoured,591,ml,1
Comp Soda Gingerale 2000 Ml,00005574234524,PRIVATE LABEL,COMPLIMENTS,CARBONATED SOFT DRINKS,Tonic And Ales,2000,ml,1
Canaddry Gingerale 1000 Ml,00006210001161,COCA COLA,CANADA DRY,CARBONATED SOFT DRINKS,Tonic And Ales,1000,ml,1
Schwepps Ginger Ale 2L 2000 Ml,00001660001029,PEPSICO,SCHWEPPES,CARBONATED SOFT DRINKS,Tonic And Ales,2000,ml,1
Comp Tonic Water Diet 355 Ml,00005574253808,PRIVATE LABEL,COMPLIMENTS,CARBONATED SOFT DRINKS,Tonic And Ales,355,ml,1
Brisk Ice Tea Lemon 2000 Ml,00006900002563,PEPSICO,LIPTON BRISK,CARBONATED SOFT DRINKS,Flavoured,2000,ml,1
Cocacola Zero 1000 Ml,00006700001377,COCA COLA,COKE ZERO,CARBONATED SOFT DRINKS,Cola,1000,ml,1
Mountain Dew Regular 591 Ml,00006900006056,PEPSICO,MOUNTAIN DEW,CARBONATED SOFT DRINKS,Flavoured,591,ml,1
Sprite Soft Drink Bottle 300 Ml,00006700001925,COCA COLA,SPRITE,CARBONATED SOFT DRINKS,Cola,300,ml,1
Cocacola Mexican 355 Ml,00006700012373,COCA COLA,COCA COLA,CARBONATED SOFT DRINKS,Flavoured,355,ml,1
7Up Big Slam 1L 1000 Ml,00006540001093,PEPSICO,7 UP,CARBONATED SOFT DRINKS,Flavoured,1000,ml,1
Dr Pepper 2000 Ml,00005490001060,PEPSICO,DR PEPPER,CARBONATED SOFT DRINKS,Flavoured,2000,ml,1
Cocacola Cherry 500 Ml,00006700001538,COCA COLA,CHERRY COKE,CARBONATED SOFT DRINKS,Flavoured,500,ml,1
Mug Rootbeer 2000 Ml,00006900005055,PEPSICO,MUG,CARBONATED SOFT DRINKS,Flavoured,2000,ml,1
Comp Soft Drink Cola 355 Ml,00005574251999,PRIVATE LABEL,COMPLIMENTS,CARBONATED SOFT DRINKS,Cola,355,ml,1
Comp Club Soda 2000 Ml,00005574234523,PRIVATE LABEL,COMPLIMENTS,CARBONATED SOFT DRINKS,Tonic And Ales,2000,ml,1
Canaddry Ginger Ale Pomegranat 355 Ml,00006210002069,COCA COLA,CANADA DRY,CARBONATED SOFT DRINKS,Tonic And Ales,355,ml,1
Schweppe Ginger Ale Zero Sugar 355 Ml,00001660001183,PEPSICO,SCHWEPPES,CARBONATED SOFT DRINKS,Flavoured,355,ml,1
Canaddry Gingerale Diet Blckb 355 Ml,00006210002135,COCA COLA,CANADA DRY,CARBONATED SOFT DRINKS,Tonic And Ales,355,ml,1
Comp Ginger Ale Diet 12X355Ml 355 Ml,00005574252006,PRIVATE LABEL,COMPLIMENTS,CARBONATED SOFT DRINKS,Tonic And Ales,355,ml,1
Fevertre Tonic Water Indian Lt 1200 Ml,00089819501176,TFB ASSOCIATES,FEVER TREE,CARBONATED SOFT DRINKS,Tonic And Ales,1200,ml,1
Sprite Zero 2000 Ml,00006700012057,COCA COLA,SPRITE ZERO,CARBONATED SOFT DRINKS,Flavoured,2000,ml,1
Big8 Cola 2L 2000 Ml,00006448001100,PRIVATE LABEL,BIG 8,CARBONATED SOFT DRINKS,Cola,2000,ml,1
Grace Punch Peanut 240 Ml,00005527084195,GRACE FOODS,GRACE,CARBONATED SOFT DRINKS,Ethnic,240,ml,1
Fanta Orange Bottle 300 Ml,00006700002160,COCA COLA,FANTA,CARBONATED SOFT DRINKS,Cola,300,ml,1
Mountain Dew Pet 2000 Ml,00006900003008,PEPSICO,MOUNTAIN DEW,CARBONATED SOFT DRINKS,Flavoured,2000,ml,1
7Up 355 Ml,00006540002022,PEPSICO,7 UP,CARBONATED SOFT DRINKS,Flavoured,355,ml,1
Pepsi Zero Sugar Wild Cherry 355 Ml,00006900016994,PEPSICO,PEPSI ZERO,CARBONATED SOFT DRINKS,Cola,355,ml,1
Pepsi Zero Sugar 355 Ml,00006900016901,PEPSICO,PEPSI ZERO,CARBONATED SOFT DRINKS,Flavoured,355,ml,1
Fevertre Tonic Water Indian 1200 Ml,00089819501175,TFB ASSOCIATES,FEVER TREE,CARBONATED SOFT DRINKS,Tonic And Ales,1200,ml,1
Cocacola Diet Caffeine Free 2000 Ml,00006700001441,COCA COLA,COKE CAFFEINE FREE,CARBONATED SOFT DRINKS,Cola,2000,ml,1
Cocacola Diet 1000 Ml,00006700001906,COCA COLA,DIET COKE,CARBONATED SOFT DRINKS,Cola,1000,ml,1
Fresca Soft Drink Bottle 500 Ml,00006700012165,COCA COLA,FRESCA,CARBONATED SOFT DRINKS,Flavoured,500,ml,1
Comp Soda Orange 2000 Ml,00005574234528,PRIVATE LABEL,COMPLIMENTS,CARBONATED SOFT DRINKS,Flavoured,2000,ml,1
7Up Diet 591Ml 591 Ml,00006540001527,PEPSICO,7 UP,CARBONATED SOFT DRINKS,Flavoured,591,ml,1
Comp Soda Cola Red Diet 2000 Ml,00005574234517,PRIVATE LABEL,COMPLIMENTS,CARBONATED SOFT DRINKS,Cola,2000,ml,1
Cocacola Zero Cherry 500 Ml,00006700001818,COCA COLA,COKE ZERO,CARBONATED SOFT DRINKS,Cola,500,ml,1
Comp Soft Drink Choose Up Diet 355 Ml,00005574252002,PRIVATE LABEL,COMPLIMENTS,CARBONATED SOFT DRINKS,Flavoured,355,ml,1
Pepsi Zero Sugar 1000 Ml,00006900016977,PEPSICO,PEPSI ZERO,CARBONATED SOFT DRINKS,Cola,1000,ml,1
Sprite Soft Drink Lymonade 355 Ml,00006700002167,COCA COLA,SPRITE,CARBONATED SOFT DRINKS,Tonic And Ales,355,ml,1
Big8 Cola Sugar Free 2L 2000 Ml,00006448001113,PRIVATE LABEL,BIG 8,CARBONATED SOFT DRINKS,Cola,2000,ml,1
Panache Soda Italian Siclnlemo 750 Ml,00062368213419,PRIVATE LABEL,PANACHE,CARBONATED SOFT DRINKS,Flavoured,750,ml,1
Comp Diet Cola Caffeine Free 355 Ml,00005574252005,PRIVATE LABEL,COMPLIMENTS,CARBONATED SOFT DRINKS,Cola,355,ml,1
Angostur Bitters Aromatic 100 Ml,00007549601100,ANGOSTURA,ANGOSTURA,CARBONATED SOFT DRINKS,Ethnic,100,ml,1
Jarritos Soft Drink Lime 370 Ml,00009047842005,JARRITOS,JARRITOS,CARBONATED SOFT DRINKS,Flavoured,370,ml,1
Comp Choose Up Lemon Lime 2L 2000 Ml,00005574234520,PRIVATE LABEL,COMPLIMENTS,CARBONATED SOFT DRINKS,Flavoured,2000,ml,1
Comp Soft Drink Root Beer 355 Ml,00005574252016,PRIVATE LABEL,COMPLIMENTS,CARBONATED SOFT DRINKS,Flavoured,355,ml,1
Comp Choose Up Lmn Lme Diet 2000 Ml,00005574234521,PRIVATE LABEL,COMPLIMENTS,CARBONATED SOFT DRINKS,Flavoured,2000,ml,1
Comp Soft Cola Dt 355 Ml,00005574252004,PRIVATE LABEL,COMPLIMENTS,CARBONATED SOFT DRINKS,Cola,355,ml,1
Comp Soda Ginger Ale Diet 2000 Ml,00005574234525,PRIVATE LABEL,COMPLIMENTS,CARBONATED SOFT DRINKS,Tonic And Ales,2000,ml,1
Comp Soda Cola Caffeine Freedt 2000 Ml,00005574234518,PRIVATE LABEL,COMPLIMENTS,CARBONATED SOFT DRINKS,Cola,2000,ml,1
Panache Soda Italian Bld Orang 750 Ml,00062368213420,PRIVATE LABEL,PANACHE,CARBONATED SOFT DRINKS,Flavoured,750,ml,1
Crush Soda White Cream Soda 591 Ml,00005600002110,PEPSICO,CRUSH,CARBONATED SOFT DRINKS,Specialty,591,ml,1
Crush Cream Soda 2L 2000 Ml,00005600001308,PEPSICO,CRUSH,CARBONATED SOFT DRINKS,Specialty,2000,ml,1
Pepsi Cola Diet 355 Ml,00006900002425,PEPSICO,PEPSI DIET,CARBONATED SOFT DRINKS,Cola,355,ml,1
A&W Root Beer 500 Ml,00005953101028,COCA COLA,AW,CARBONATED SOFT DRINKS,Flavoured,500,ml,1
Cocacola Classic 355 Ml,00006700001829,COCA COLA,COKE CLASSIC,CARBONATED SOFT DRINKS,Cola,355,ml,1
A&W Root Beer 2000 Ml,00005953101060,COCA COLA,AW,CARBONATED SOFT DRINKS,Flavoured,2000,ml,1
Fevertre Ginger Beer 1200 Ml,00081213604096,TFB ASSOCIATES,FEVER TREE,CARBONATED SOFT DRINKS,Tonic And Ales,1200,ml,1
Comp Soda Sparkling Lemonade 2000 Ml,00005574234539,PRIVATE LABEL,COMPLIMENTS,CARBONATED SOFT DRINKS,Flavoured,2000,ml,1
Sprite Soft Drk Lymonade Legac 500 Ml,00006700002168,COCA COLA,SPRITE,CARBONATED SOFT DRINKS,Flavoured,500,ml,1
Comp Soft Drink Choose Up 355 Ml,00005574251996,PRIVATE LABEL,COMPLIMENTS,CARBONATED SOFT DRINKS,Flavoured,355,ml,1
Comp Sd Tonic Water 355 Ml,00005574252017,PRIVATE LABEL,COMPLIMENTS,CARBONATED SOFT DRINKS,Tonic And Ales,355,ml,1
Mountdew Voltage 591 Ml,00006900015734,PEPSICO,MOUNTAIN DEW,CARBONATED SOFT DRINKS,Flavoured,591,ml,1
Comp Soda Root Beer 2000 Ml,00005574234529,PRIVATE LABEL,COMPLIMENTS,CARBONATED SOFT DRINKS,Flavoured,2000,ml,1
Comp Soda Blue Cola 2000 Ml,00005574234514,PRIVATE LABEL,COMPLIMENTS,CARBONATED SOFT DRINKS,Cola,2000,ml,1
Schewpps Tonic Water 2L 2000 Ml,00001660001009,PEPSICO,SCHWEPPES,CARBONATED SOFT DRINKS,Tonic And Ales,2000,ml,1
Jarritos Soft Drink Pineapple 370 Ml,00009047842004,JARRITOS,JARRITOS,CARBONATED SOFT DRINKS,Flavoured,370,ml,1
Sprite 1000 Ml,00006700001751,COCA COLA,SPRITE,CARBONATED SOFT DRINKS,Flavoured,1000,ml,1
Drpepper Zero 2000 Ml,00005490001141,PEPSICO,DR PEPPER,CARBONATED SOFT DRINKS,Tonic And Ales,2000,ml,1
Jarritos Soft Drink Mango 370 Ml,00009047842010,JARRITOS,JARRITOS,CARBONATED SOFT DRINKS,Flavoured,370,ml,1
A&W Root Beer Diet Sugar Free 2000 Ml,00005953101160,COCA COLA,AW,CARBONATED SOFT DRINKS,Flavoured,2000,ml,1
Canaddry Zero 2000 Ml,00006210001026,COCA COLA,CANADA DRY,CARBONATED SOFT DRINKS,Cola,2000,ml,1
Drpepper 1000 Ml,00005490001091,PEPSICO,DR PEPPER,CARBONATED SOFT DRINKS,Flavoured,1000,ml,1
Fanta Soft Drink Orange 500 Ml,00006700002162,COCA COLA,FANTA,CARBONATED SOFT DRINKS,Cola,500,ml,1
Comp Soda Blue Cola Diet 2000 Ml,00005574234515,PRIVATE LABEL,COMPLIMENTS,CARBONATED SOFT DRINKS,Cola,2000,ml,1
Canaddry Ginger Ale Blackberry 500 Ml,00006210001010,COCA COLA,CANADA DRY,CARBONATED SOFT DRINKS,Tonic And Ales,500,ml,1
Comp Soda White Cream 2000 Ml,00005574252094,PRIVATE LABEL,COMPLIMENTS,CARBONATED SOFT DRINKS,Specialty,2000,ml,1
Canaddry Club Soda 2000 Ml,00006210001160,COCA COLA,CANADA DRY,CARBONATED SOFT DRINKS,Tonic And Ales,2000,ml,1
Jones Soda Root Beer 355 Ml,00062022121008,A LASSONDE,JONES SODA,CARBONATED SOFT DRINKS,Flavoured,355,ml,1
Canaddry Ginger Ale Zero Sugar 500 Ml,00006210002126,COCA COLA,CANADA DRY,CARBONATED SOFT DRINKS,Cola,500,ml,1
Jarritos Soft Drink Guava 370 Ml,00009047842008,JARRITOS,JARRITOS,CARBONATED SOFT DRINKS,Flavoured,370,ml,1
Cocacola With Coffee Vanilla 355 Ml,00006700002104,COCA COLA,COCA COLA,CARBONATED SOFT DRINKS,Cola,355,ml,1
Panache Soda Italian Pinkgrpfr 750 Ml,00062368213418,PRIVATE LABEL,PANACHE,CARBONATED SOFT DRINKS,Flavoured,750,ml,1
Jonesoda Cream Soda Clear 355 Ml,00062022121009,A LASSONDE,JONES SODA,CARBONATED SOFT DRINKS,Specialty,355,ml,1
Comp Soft Drink Black Cherry 2000 Ml,00005574234531,PRIVATE LABEL,COMPLIMENTS,CARBONATED SOFT DRINKS,Flavoured,2000,ml,1
Jones Soda Orange Cream 355 Ml,00062022121003,A LASSONDE,JONES SODA,CARBONATED SOFT DRINKS,Flavoured,355,ml,1
Schwepps Gingerale 1L 1000 Ml,00001660001022,PEPSICO,SCHWEPPES,CARBONATED SOFT DRINKS,Tonic And Ales,1000,ml,1
Candry Ging Cbry 12X355Ml 355 Ml,00006210001563,COCA COLA,CANADA DRY,CARBONATED SOFT DRINKS,Tonic And Ales,355,ml,1
Gosling Ginger Beer 355 Ml,00072109430973,GOSLING BROTHERS,GOSLINGS,CARBONATED SOFT DRINKS,Tonic And Ales,355,ml,1
Comp Soda Grape 2000 Ml,00005574234532,PRIVATE LABEL,COMPLIMENTS,CARBONATED SOFT DRINKS,Flavoured,2000,ml,1
Crush Pop White Crm Soda 2000 Ml,00005600002112,PEPSICO,CRUSH,CARBONATED SOFT DRINKS,Specialty,2000,ml,1
Mug Rootbeer 591Ml 591 Ml,00006900005060,PEPSICO,MUG,CARBONATED SOFT DRINKS,Flavoured,591,ml,1
Panache Soda Italian Pomegrana 750 Ml,00062368213416,PRIVATE LABEL,PANACHE,CARBONATED SOFT DRINKS,Flavoured,750,ml,1
Drpepper Diet 355 Ml,00005490004506,PEPSICO,DR PEPPER,CARBONATED SOFT DRINKS,Flavoured,355,ml,1
Crush Soda Grape 591Ml 591 Ml,00005600001544,PEPSICO,CRUSH,CARBONATED SOFT DRINKS,Flavoured,591,ml,1
Comp Soda Tonic Water Diet 2000 Ml,00005574252220,PRIVATE LABEL,COMPLIMENTS,CARBONATED SOFT DRINKS,Tonic And Ales,2000,ml,1
Comp Iced Tea Lemon 2L 2000 Ml,00005574234538,PRIVATE LABEL,COMPLIMENTS,CARBONATED SOFT DRINKS,Cola,2000,ml,1
Fevertre Beer Ginger 500 Ml,00089819501142,TFB ASSOCIATES,FEVER TREE,CARBONATED SOFT DRINKS,Tonic And Ales,500,ml,1
Comp Soda White Cream 355 Ml,00005574255292,PRIVATE LABEL,COMPLIMENTS,CARBONATED SOFT DRINKS,Specialty,355,ml,1
Fevertre Tonic Water 500Ml 500 Ml,00089819501134,TFB ASSOCIATES,FEVER TREE,CARBONATED SOFT DRINKS,Tonic And Ales,500,ml,1
Panache Soda Italian Clementin 750 Ml,00062368213421,PRIVATE LABEL,PANACHE,CARBONATED SOFT DRINKS,Flavoured,750,ml,1
Canaddry Ginger Ale Pomegranat 500 Ml,00006210001116,COCA COLA,CANADA DRY,CARBONATED SOFT DRINKS,Tonic And Ales,500,ml,1
Popshopp Lime Ricky 355 Ml,00018000901002,REFRESCO NORTH AMERICA,POP SHOPPE,CARBONATED SOFT DRINKS,Flavoured,355,ml,1
Drpepper Can Ltd Edition 473 Ml,00005490001078,PEPSICO,DR PEPPER,CARBONATED SOFT DRINKS,Flavoured,473,ml,1
Cocacola With Coffee Dark Blnd 355 Ml,00006700002105,COCA COLA,COCA COLA,CARBONATED SOFT DRINKS,Cola,355,ml,1
Coca-Cola Zero Sugar Move 500 Ml,00006700002180,COCA COLA,COKE ZERO,CARBONATED SOFT DRINKS,Cola,500,ml,1
Calypso Beverage Ocean Blue 473 Ml,00007958119401,KING JUICE COMPANY,CALYPSO,CARBONATED SOFT DRINKS,Flavoured,473,ml,1
Cocacola Move Soft Drink 500 Ml,00006700002178,COCA COLA,COCA COLA,CARBONATED SOFT DRINKS,Cola,500,ml,1
7Up Cans 355Ml 355 Ml,00006540001014,PEPSICO,7 UP,CARBONATED SOFT DRINKS,Flavoured,355,ml,1
Jonesoda Berry Lemonade 355 Ml,00062022121020,A LASSONDE,JONES SODA,CARBONATED SOFT DRINKS,Flavoured,355,ml,1
Schwepps Gingerale 591Ml 591 Ml,00001660002024,PEPSICO,SCHWEPPES,CARBONATED SOFT DRINKS,Tonic And Ales,591,ml,1
Popshopp Cream Soda 355 Ml,00018000901003,REFRESCO NORTH AMERICA,POP SHOPPE,CARBONATED SOFT DRINKS,Flavoured,355,ml,1
Comp Sd Spruce Beer 355 Ml,00005574255293,PRIVATE LABEL,COMPLIMENTS,CARBONATED SOFT DRINKS,Flavoured,355,ml,1
Cocacola Zero Sugar Move 300 Ml,00006700002184,COCA COLA,COKE ZERO,CARBONATED SOFT DRINKS,Cola,300,ml,1
Canaddry Gingerale 1422 Ml,00006210001481,COCA COLA,CANADA DRY,CARBONATED SOFT DRINKS,Tonic And Ales,1422,ml,1
Big8 Gingerale 2L 2000 Ml,00006448001104,PRIVATE LABEL,BIG 8,CARBONATED SOFT DRINKS,Tonic And Ales,2000,ml,1
Comp Tonic Water 2000 Ml,00005574234526,PRIVATE LABEL,COMPLIMENTS,CARBONATED SOFT DRINKS,Tonic And Ales,2000,ml,1
Canaddry Gngr Beer Crft Prem 237 Ml,00006210002091,COCA COLA,CANADA DRY,CARBONATED SOFT DRINKS,Cola,237,ml,1
Dg Drink Ting Glass 300Ml 300 Ml,00085862901106,SHAH TRADING CO,DG,CARBONATED SOFT DRINKS,Flavoured,300,ml,1
Big8 Lemon Lime 2L 2000 Ml,00006448001102,PRIVATE LABEL,BIG 8,CARBONATED SOFT DRINKS,Flavoured,2000,ml,1
Jones Soda Blue Bubble Gum 355 Ml,00062022121011,A LASSONDE,JONES SODA,CARBONATED SOFT DRINKS,Flavoured,355,ml,1
Martinellis Spklg Apple Crnbry 750 Ml,00004124411250,STAR MARKETING,MARTINELLIS,CARBONATED SOFT DRINKS,Flavoured,750,ml,1
Big8 Rootbeer 2L 2000 Ml,00006448001103,PRIVATE LABEL,BIG 8,CARBONATED SOFT DRINKS,Flavoured,2000,ml,1
Grtgentl Watermelon 1500 Ml,00005578901964,THE GREAT GENTLEMAN,THE GREAT GENTLEMAN,CARBONATED SOFT DRINKS,Ethnic,1500,ml,1
Big8 Soda Lemon Lime Sgr/Fr 2L 2000 Ml,00006448001114,PRIVATE LABEL,BIG 8,CARBONATED SOFT DRINKS,Flavoured,2000,ml,1
Mountain Dew 473 Ml,00006900015773,PEPSICO,MOUNTAIN DEW,CARBONATED SOFT DRINKS,Flavoured,473,ml,1
Big8 Gingerale Sugar Free 2L 2000 Ml,00006448001115,PRIVATE LABEL,BIG 8,CARBONATED SOFT DRINKS,Tonic And Ales,2000,ml,1
Coca-Cola Quebec Maple 355 Ml,00006700012429,COCA COLA,COCA COLA,CARBONATED SOFT DRINKS,Flavoured,355,ml,1
Big8 Soda Orange 2L 2000 Ml,00006448001101,PRIVATE LABEL,BIG 8,CARBONATED SOFT DRINKS,Flavoured,2000,ml,1
Grace Soda Ginger Beer 355 Ml,00005527085235,GRACE FOODS,GRACE,CARBONATED SOFT DRINKS,Ethnic,355,ml,1
Big8 Orange Diet 2000 Ml,00006448001135,PRIVATE LABEL,BIG 8,CARBONATED SOFT DRINKS,Flavoured,2000,ml,1
Jones Soda Strawbry Lime 355Ml 355 Ml,00062022121001,A LASSONDE,JONES SODA,CARBONATED SOFT DRINKS,Flavoured,355,ml,1
Schwepps Club Soda Low Sodium 2000 Ml,00001660001039,PEPSICO,SCHWEPPES,CARBONATED SOFT DRINKS,Tonic And Ales,2000,ml,1
Budrmgin Beer Ginger Nonalchl 250 Ml,00085760501501,STAR MARKETING,BUDERIM GINGER,CARBONATED SOFT DRINKS,Flavoured,250,ml,1
Comp Soft Drink Root Beer 355 Ml,00005574234585,PRIVATE LABEL,COMPLIMENTS,CARBONATED SOFT DRINKS,Flavoured,355,ml,1
Jarritos Soft Drink Cola 370 Ml,00009047842015,JARRITOS,JARRITOS,CARBONATED SOFT DRINKS,Cola,370,ml,1
1642 Tonic Sparkling Beverage 275 Ml,00062805581910,1642 SODAS,1642,CARBONATED SOFT DRINKS,Cola,275,ml,1
Comp Soft Drink Cola 355 Ml,00005574234572,PRIVATE LABEL,COMPLIMENTS,CARBONATED SOFT DRINKS,Cola,355,ml,1
Big8 Soda Lime 2000 Ml,00006448001200,PRIVATE LABEL,BIG 8,CARBONATED SOFT DRINKS,Flavoured,2000,ml,1
Crush Pop Pineapple 355 Ml,00005600002098,PEPSICO,CRUSH,CARBONATED SOFT DRINKS,Cola,355,ml,1
Crush Orange 473 Ml,00005600002048,PEPSICO,CRUSH,CARBONATED SOFT DRINKS,Flavoured,473,ml,1
Mountdew Pitch Black 591 Ml,00006900016871,PEPSICO,MOUNTAIN DEW,CARBONATED SOFT DRINKS,Cola,591,ml,1
Fevertre Ginger Beer Light 500 Ml,00089819501144,TFB ASSOCIATES,FEVER TREE,CARBONATED SOFT DRINKS,Tonic And Ales,500,ml,1
Cocacola Bc Raspberry 355 Ml,00006700012371,COCA COLA,COCA COLA,CARBONATED SOFT DRINKS,Flavoured,355,ml,1
Crush Pop Lime 355 Ml,00005600001605,PEPSICO,CRUSH,CARBONATED SOFT DRINKS,Flavoured,355,ml,1
Jarritos Soft Drink Mandarine 370 Ml,00009047842001,JARRITOS,JARRITOS,CARBONATED SOFT DRINKS,Flavoured,370,ml,1
Big8 Cream Soda 2L 2000 Ml,00006448001106,PRIVATE LABEL,BIG 8,CARBONATED SOFT DRINKS,Specialty,2000,ml,1
Sussex Ginger Ale Golden 2000 Ml,00005600001559,PEPSICO,SUSSEX,CARBONATED SOFT DRINKS,Tonic And Ales,2000,ml,1
Popshopp Black Cherry 355 Ml,00018000901001,REFRESCO NORTH AMERICA,POP SHOPPE,CARBONATED SOFT DRINKS,Flavoured,355,ml,1
Cocacola 250 Ml,00006700001918,COCA COLA,COCA COLA,CARBONATED SOFT DRINKS,Cola,250,ml,1
Crush Cream Soda 591Ml 591 Ml,00005600001545,PEPSICO,CRUSH,CARBONATED SOFT DRINKS,Specialty,591,ml,1
Grtgentm Water Tonic 1500 Ml,00005578901973,THE GREAT GENTLEMAN,THE GREAT GENTLEMAN,CARBONATED SOFT DRINKS,Ethnic,1500,ml,1
Grtgentm Soda Spicy Pneapple 1500 Ml,00005578901971,THE GREAT GENTLEMAN,THE GREAT GENTLEMAN,CARBONATED SOFT DRINKS,Ethnic,1500,ml,1
Popshopp Drink Cotton Candy 355 Ml,00018000901033,REFRESCO NORTH AMERICA,POP SHOPPE,CARBONATED SOFT DRINKS,Flavoured,355,ml,1
Cocacola Sft Drnk Move Bottles 300 Ml,00006700002182,COCA COLA,COCA COLA,CARBONATED SOFT DRINKS,Cola,300,ml,1
Cocacola Soft Drink Ultimate 500 Ml,00006700002198,COCA COLA,COCA COLA,CARBONATED SOFT DRINKS,Cola,500,ml,1
Popshopp Orange 355 Ml,00018000901005,REFRESCO NORTH AMERICA,POP SHOPPE,CARBONATED SOFT DRINKS,Flavoured,355,ml,1
Canaddry Diet Gingerale 500 Ml,00006210001105,COCA COLA,CANADA DRY,CARBONATED SOFT DRINKS,Cola,500,ml,1
Pepsi Mountain Dew Soda Spark 591 Ml,00006900016928,PEPSICO,MOUNTAIN DEW,CARBONATED SOFT DRINKS,Cola,591,ml,1
Crush Pop Pineapple 355 Ml,00005600001610,PEPSICO,CRUSH,CARBONATED SOFT DRINKS,Cola,355,ml,1
Canaddry Gng Ale Crft Prem 237 Ml,00006210002090,COCA COLA,CANADA DRY,CARBONATED SOFT DRINKS,Cola,237,ml,1
Big8 Diet Cola Caffeine Free 2000 Ml,00006448001024,PRIVATE LABEL,BIG 8,CARBONATED SOFT DRINKS,Cola,2000,ml,1
Barrs Drink Irn Bru 1980 Ml,00500038212068,AG BARR,INR BRU,CARBONATED SOFT DRINKS,Flavoured,1980,ml,1
Panache Soda Italian Strawberr 750 Ml,00062368213417,PRIVATE LABEL,PANACHE,CARBONATED SOFT DRINKS,Flavoured,750,ml,1
Sprite Zero 500 Ml,00006700001888,COCA COLA,SPRITE ZERO,CARBONATED SOFT DRINKS,Cola,500,ml,1
Budrmgin Beer Gngr Nonalch R/S 250 Ml,00085760501511,STAR MARKETING,BUDERIM GINGER,CARBONATED SOFT DRINKS,Flavoured,250,ml,1
Cocacola Diet 355Ml 355 Ml,00006700001928,COCA COLA,DIET COKE,CARBONATED SOFT DRINKS,Cola,355,ml,1
Pepsi Wild Cherry 591 Ml,00006900031008,PEPSICO,PEPSI WILD CHERRY,CARBONATED SOFT DRINKS,Flavoured,591,ml,1
Comp Ginger Ale 355 Ml,00005574234580,PRIVATE LABEL,COMPLIMENTS,CARBONATED SOFT DRINKS,Tonic And Ales,355,ml,1
Barqs Root Beer 355 Ml,00006700012379,COCA COLA,BARQS,CARBONATED SOFT DRINKS,Flavoured,355,ml,1
Cocacola Zero Frdg/Mte 355Ml 355 Ml,00006700001319,COCA COLA,COKE ZERO,CARBONATED SOFT DRINKS,Cola,355,ml,1
Jones Soda Green Apple 355Ml 355 Ml,00062022121012,A LASSONDE,JONES SODA,CARBONATED SOFT DRINKS,Flavoured,355,ml,1
Grace Soda Pineapple 355 Ml,00005527085229,GRACE FOODS,GRACE,CARBONATED SOFT DRINKS,Ethnic,355,ml,1
Calypso Southern Peach Lmnd 473 Ml,00007958119403,KING JUICE COMPANY,CALYPSO,CARBONATED SOFT DRINKS,Flavoured,473,ml,1
Canaddry Club Soda Peachmango 355 Ml,00006210002134,COCA COLA,CANADA DRY,CARBONATED SOFT DRINKS,Cola,355,ml,1
Comp Soft Drink Choose Up 355 Ml,00005574234576,PRIVATE LABEL,COMPLIMENTS,CARBONATED SOFT DRINKS,Flavoured,355,ml,1
Big8 Pineapple 2000 Ml,00006448001022,PRIVATE LABEL,BIG 8,CARBONATED SOFT DRINKS,Flavoured,2000,ml,1
Comp Soda White Cream 355 Ml,00005574252095,PRIVATE LABEL,COMPLIMENTS,CARBONATED SOFT DRINKS,Specialty,355,ml,1
Big8 Soda Rootbeer 355 Ml,00006448001804,PRIVATE LABEL,BIG 8,CARBONATED SOFT DRINKS,Cola,355,ml,1
1642 Tonic Light Spark Bev 1100 Ml,00062805581933,1642 SODAS,1642,CARBONATED SOFT DRINKS,Cola,1100,ml,1
Jarritos Soft Drink S/Bry Frt 370 Ml,00009047842009,JARRITOS,JARRITOS,CARBONATED SOFT DRINKS,Ethnic,370,ml,1
Cocacola Zero Sugar Ultimate 500 Ml,00006700002159,COCA COLA,COKE ZERO,CARBONATED SOFT DRINKS,Cola,500,ml,1
Big8 Soda Cola 355 Ml,00006448001800,PRIVATE LABEL,BIG 8,CARBONATED SOFT DRINKS,Cola,355,ml,1
Big8 Soda Orange 355 Ml,00006448001802,PRIVATE LABEL,BIG 8,CARBONATED SOFT DRINKS,Cola,355,ml,1
Cocacola Mexican 355 Ml,00006700001810,COCA COLA,COCA COLA,CARBONATED SOFT DRINKS,Flavoured,355,ml,1
Redchamp Soft Drink 591 Ml,00077240316151,OTHER MANUFACTURER,OTHER BRAND,CARBONATED SOFT DRINKS,Flavoured,591,ml,1
Big8 Sparkling Lemonade 2L 2000 Ml,00006448001150,PRIVATE LABEL,BIG 8,CARBONATED SOFT DRINKS,Flavoured,2000,ml,1
Big8 Soda Gingerale 355 Ml,00006448001806,PRIVATE LABEL,BIG 8,CARBONATED SOFT DRINKS,Cola,355,ml,1
Big8 Cream Soda 355 Ml,00006448001805,PRIVATE LABEL,BIG 8,CARBONATED SOFT DRINKS,Cola,355,ml,1
Comp Soft Cola Dt 355Ml 355 Ml,00005574234573,PRIVATE LABEL,COMPLIMENTS,CARBONATED SOFT DRINKS,Cola,355,ml,1
Canaddry Clubsoda Orng Mand 355 Ml,00006210002032,COCA COLA,CANADA DRY,CARBONATED SOFT DRINKS,Flavoured,355,ml,1
Big8 Sparklng Lemonade Diet 2L 2000 Ml,00006448001160,PRIVATE LABEL,BIG 8,CARBONATED SOFT DRINKS,Flavoured,2000,ml,1
Calypso Lemonade Island Wave 473 Ml,00007958119405,KING JUICE COMPANY,CALYPSO,CARBONATED SOFT DRINKS,Flavoured,473,ml,1
A&W Soft Drink Root Beer 341 Ml,00005953101015,COCA COLA,AW,CARBONATED SOFT DRINKS,Flavoured,341,ml,1
Drpepper Cream Soda 591 Ml,00005490001145,PEPSICO,DR PEPPER,CARBONATED SOFT DRINKS,Cola,591,ml,1
Comp Soft Drink Strawberry 2000 Ml,00005574234537,PRIVATE LABEL,COMPLIMENTS,CARBONATED SOFT DRINKS,Flavoured,2000,ml,1
Big8 Soda Grape 2L 2000 Ml,00006448001105,PRIVATE LABEL,BIG 8,CARBONATED SOFT DRINKS,Flavoured,2000,ml,1
Canaddry Gingerale 355 Ml,00006210001240,COCA COLA,CANADA DRY,CARBONATED SOFT DRINKS,Tonic And Ales,355,ml,1
Canaddry Club Soda Triple Berr 355 Ml,00006210002634,COCA COLA,CANADA DRY,CARBONATED SOFT DRINKS,Cola,355,ml,1
Mountdew Baja Blast 591 Ml,00006900016493,PEPSICO,MOUNTAIN DEW,CARBONATED SOFT DRINKS,Flavoured,591,ml,1
Big8 Sparkling Water Lmn/Lm 2L 2000 Ml,00006448001118,PRIVATE LABEL,BIG 8,CARBONATED SOFT DRINKS,Flavoured,2000,ml,1
Big8 Gingerale Golden 2L 2000 Ml,00006448001108,PRIVATE LABEL,BIG 8,CARBONATED SOFT DRINKS,Tonic And Ales,2000,ml,1
7Up Cans 24X355Ml 355 Ml,00006540001165,PEPSICO,7 UP,CARBONATED SOFT DRINKS,Flavoured,355,ml,1
Cocacola Classic 237Ml 237 Ml,00006700001951,COCA COLA,COKE CLASSIC,CARBONATED SOFT DRINKS,Cola,237,ml,1
Sanprrio Italian Lemonade 750 Ml,00077899801810,LES MOUTS DE POM,SAN PERRIO,CARBONATED SOFT DRINKS,Flavoured,750,ml,1
Martinellis Spklg Apple Grape 750 Ml,00004124461025,STAR MARKETING,MARTINELLIS,CARBONATED SOFT DRINKS,Flavoured,750,ml,1
Big8 Soda Water 2L 2000 Ml,00006448001110,PRIVATE LABEL,BIG 8,CARBONATED SOFT DRINKS,Tonic And Ales,2000,ml,1
Pepsi 355 Ml,00006900002002,PEPSICO,PEPSI,CARBONATED SOFT DRINKS,Flavoured,355,ml,1
11642 Sprklng Bev Ginger Beer 1100 Ml,00062805581925,OTHER MANUFACTURER,OTHER BRAND,CARBONATED SOFT DRINKS,Cola,1100,ml,1
Big8 Soda Diet Cola 355 Ml,00006448001801,PRIVATE LABEL,BIG 8,CARBONATED SOFT DRINKS,Cola,355,ml,1
Barqs Cherry Bite Can 355 Ml,00006700012442,COCA COLA,BARQS,CARBONATED SOFT DRINKS,Tonic And Ales,355,ml,1
Big8 Cream Soda 355 Ml,00006448001305,PRIVATE LABEL,BIG 8,CARBONATED SOFT DRINKS,Cola,355,ml,1
Barqs Cream Soda 355 Ml,00006700012383,COCA COLA,BARQS,CARBONATED SOFT DRINKS,Flavoured,355,ml,1
Fentiman Ginger Beer 275 Ml,00502939601022,FENTIMANS,FENTIMANS,CARBONATED SOFT DRINKS,Tonic And Ales,275,ml,1
1642Yuzu Sparkling Beverage 1100 Ml,00062805581923,OTHER MANUFACTURER,OTHER BRAND,CARBONATED SOFT DRINKS,Cola,1100,ml,1
Sprkmuth Mocktail Lime Margari 355 Ml,00081827801998,SPARKMOUTH,SPARKMOUTH,CARBONATED SOFT DRINKS,Tonic And Ales,355,ml,1
Pet Seven Up Diet 355 Ml,00006540001539,PEPSICO,7 UP,CARBONATED SOFT DRINKS,Flavoured,355,ml,1
Crush Soda Orange 355 Ml,00005600001601,PEPSICO,CRUSH,CARBONATED SOFT DRINKS,Flavoured,355,ml,1
Big8 Soda Cola 355 Ml,00006448001300,PRIVATE LABEL,BIG 8,CARBONATED SOFT DRINKS,Cola,355,ml,1
Big8 Soda Orange 355 Ml,00006448001302,PRIVATE LABEL,BIG 8,CARBONATED SOFT DRINKS,Cola,355,ml,1
Big8 Sparkling Water 2L 2000 Ml,00006448001116,PRIVATE LABEL,BIG 8,CARBONATED SOFT DRINKS,Flavoured,2000,ml,1
Redchamp Soft Drink 591 Ml,00077240316101,OTHER MANUFACTURER,OTHER BRAND,CARBONATED SOFT DRINKS,Flavoured,591,ml,1
Sprite 355Ml 355 Ml,00006700001932,COCA COLA,SPRITE,CARBONATED SOFT DRINKS,Flavoured,355,ml,1
Grace Soda Cream Soda 355 Ml,00005527085234,GRACE FOODS,GRACE,CARBONATED SOFT DRINKS,Ethnic,355,ml,1
Barqs Root Beer 500 Ml,00006700012164,COCA COLA,BARQS,CARBONATED SOFT DRINKS,Flavoured,500,ml,1
Sanprrio Lemonade Raspberry 750 Ml,00077899801870,LES MOUTS DE POM,SAN PERRIO,CARBONATED SOFT DRINKS,Flavoured,750,ml,1
Grtgentm Soda Bitter Lemon 1500 Ml,00005578901968,THE GREAT GENTLEMAN,THE GREAT GENTLEMAN,CARBONATED SOFT DRINKS,Ethnic,1500,ml,1
Pepsi Zero Sugar 355 Ml,00006900002372,PEPSICO,PEPSI ZERO,CARBONATED SOFT DRINKS,Cola,355,ml,1
Big8 Soft Drink Pineapple 355 Ml,00006448001810,PRIVATE LABEL,BIG 8,CARBONATED SOFT DRINKS,Cola,355,ml,1
Big8 Soda Rootbeer 355 Ml,00006448001304,PRIVATE LABEL,BIG 8,CARBONATED SOFT DRINKS,Cola,355,ml,1
Grace Soda Kola Champagne 355 Ml,00005527085233,GRACE FOODS,GRACE,CARBONATED SOFT DRINKS,Ethnic,355,ml,1
Big8 Big Up Soda Lemon Lime 591 Ml,00000000002830,PRIVATE LABEL,BIG 8,CARBONATED SOFT DRINKS,Flavoured,591,ml,1
Drpepper Zero Sugar 591 Ml,00005490001139,PEPSICO,DR PEPPER,CARBONATED SOFT DRINKS,Cola,591,ml,1
Fentiman Lemonade Rose 275 Ml,00502939601023,FENTIMANS,FENTIMANS,CARBONATED SOFT DRINKS,Flavoured,275,ml,1
Big8 Soda Big Up 355 Ml,00006448001803,PRIVATE LABEL,BIG 8,CARBONATED SOFT DRINKS,Cola,355,ml,1
1642 Tonic Sprkbev Eldr Flwr 1100 Ml,00062805581935,1642 SODAS,1642,CARBONATED SOFT DRINKS,Cola,1100,ml,1
Coolrunn Milk Coconut 400 Ml,00062491301726,UNIVERSAL IMPEX,COOL RUNNINGS,CARBONATED SOFT DRINKS,Ethnic,400,ml,1
Fevertre Soda Water 500 Ml,00089819501148,TFB ASSOCIATES,FEVER TREE,CARBONATED SOFT DRINKS,Tonic And Ales,500,ml,1
Grace Malta Beverage 341 Ml,00005527001001,GRACE FOODS,GRACE,CARBONATED SOFT DRINKS,Ethnic,341,ml,1
Calypso Lemonade Strawberry 473 Ml,00007958119402,KING JUICE COMPANY,CALYPSO,CARBONATED SOFT DRINKS,Flavoured,473,ml,1
Sanprrio Blood Orange Lemonade 750 Ml,00077899801830,LES MOUTS DE POM,SAN PERRIO,CARBONATED SOFT DRINKS,Flavoured,750,ml,1
Comp Soft Drink Nectar 2000 Ml,00005574234535,PRIVATE LABEL,COMPLIMENTS,CARBONATED SOFT DRINKS,Flavoured,2000,ml,1
Pepsi Pl 24X355Ml 355 Ml,00006900001318,PEPSICO,PEPSI,CARBONATED SOFT DRINKS,Cola,355,ml,1
Big8 Mountain Burst 2L 2000 Ml,00006448001125,PRIVATE LABEL,BIG 8,CARBONATED SOFT DRINKS,Flavoured,2000,ml,1
Comp Soft Drink Spruce Beer 2000 Ml,00005574234530,PRIVATE LABEL,COMPLIMENTS,CARBONATED SOFT DRINKS,Flavoured,2000,ml,1
Sprkmuth Mocktail Mimosa 355 Ml,00081827801997,SPARKMOUTH,SPARKMOUTH,CARBONATED SOFT DRINKS,Tonic And Ales,355,ml,1
Sussex Ginger Ale Golden 591Ml 591 Ml,00005600001551,PEPSICO,SUSSEX,CARBONATED SOFT DRINKS,Tonic And Ales,591,ml,1
Big8 Soda Diet Cola 355 Ml,00006448001301,PRIVATE LABEL,BIG 8,CARBONATED SOFT DRINKS,Cola,355,ml,1
1642 Tonic Water 750 Ml,00062805581917,1642 SODAS,1642,CARBONATED SOFT DRINKS,Cola,750,ml,1
Grace Irish Moss Drink 285 Ml,00005527084176,GRACE FOODS,GRACE,CARBONATED SOFT DRINKS,Ethnic,285,ml,1
Sanprrio Lime Mango Lemonade 750 Ml,00077899801840,LES MOUTS DE POM,SAN PERRIO,CARBONATED SOFT DRINKS,Flavoured,750,ml,1
Crush Soda Strawberry 2L 2000 Ml,00005600001562,PEPSICO,CRUSH,CARBONATED SOFT DRINKS,Flavoured,2000,ml,1
Marble Pop Blueberry 200 Ml,00007441078814,MARBLE POP,MARBLE POP,CARBONATED SOFT DRINKS,Ethnic,200,ml,1
1642 Tonic Cucumber 1100 Ml,00062805581939,1642 SODAS,1642,CARBONATED SOFT DRINKS,Cola,1100,ml,1
Pepsi Diet Wild Cherry 591 Ml,00006900015921,PEPSICO,PEPSI WILD CHERRY DIET,CARBONATED SOFT DRINKS,Cola,591,ml,1
Candry Ginger Ale 300 Ml,00006210001123,COCA COLA,CANADA DRY,CARBONATED SOFT DRINKS,Cola,300,ml,1
Sparkmth Dry Tonic Artisnl Try 250 Ml,00081827801930,SPARKMOUTH,SPARKMOUTH,CARBONATED SOFT DRINKS,Tonic And Ales,250,ml,1
Sparkmouth Mocktail Moscow Mul 355 Ml,00081827801999,SPARKMOUTH,SPARKMOUTH,CARBONATED SOFT DRINKS,Tonic And Ales,355,ml,1
Oldjamai Ginger Beer 330 Ml,00502957801020,OLD JAMAICA,OLD JAMAICA,CARBONATED SOFT DRINKS,Ethnic,330,ml,1
Crush Birch Beer Can 355Ml 355 Ml,00005600001611,PEPSICO,CRUSH,CARBONATED SOFT DRINKS,Flavoured,355,ml,1
Crush Soda Pineapple 591Ml 591 Ml,00005600001548,PEPSICO,CRUSH,CARBONATED SOFT DRINKS,Flavoured,591,ml,1
Fanta Soda Orange 500 Ml,00006700001445,COCA COLA,FANTA,CARBONATED SOFT DRINKS,Cola,500,ml,1
Orangina Soft Drink Can 330 Ml,00084981901109,KEURIG DR PEPPER,ORANGINA,CARBONATED SOFT DRINKS,Flavoured,330,ml,1
Drpepper Diet 2000 Ml,00005490001061,PEPSICO,DR PEPPER,CARBONATED SOFT DRINKS,Flavoured,2000,ml,1
Marble Pop Strawberry 200 Ml,00007441078812,MARBLE POP,MARBLE POP,CARBONATED SOFT DRINKS,Ethnic,200,ml,1
Comp Soft Drink Choose Up Diet 355 Ml,00005574234577,PRIVATE LABEL,COMPLIMENTS,CARBONATED SOFT DRINKS,Flavoured,355,ml,1
Big8 Soda Gingerale 355 Ml,00006448001306,PRIVATE LABEL,BIG 8,CARBONATED SOFT DRINKS,Cola,355,ml,1
Schweppe Ginger Ale Zero Sugar 2000 Ml,00001660001181,PEPSICO,SCHWEPPES,CARBONATED SOFT DRINKS,Tonic And Ales,2000,ml,1
Barqs Spiced Cherry 355 Ml,00006700012381,COCA COLA,BARQS,CARBONATED SOFT DRINKS,Flavoured,355,ml,1
Muskoka Pale Ginger Ale 355 Ml,00062168063233,MUSKOKA BREWERY,MUSKOKA,CARBONATED SOFT DRINKS,Tonic And Ales,355,ml,1
Fevertre Ginger Ale 1200 Ml,00081213604020,TFB ASSOCIATES,FEVER TREE,CARBONATED SOFT DRINKS,Tonic And Ales,1200,ml,1
7Up Cans Diet 355Ml 355 Ml,00006540001015,PEPSICO,7 UP,CARBONATED SOFT DRINKS,Flavoured,355,ml,1
Jones Soda Watermelon 355Ml 355 Ml,00062022121026,A LASSONDE,JONES SODA,CARBONATED SOFT DRINKS,Flavoured,355,ml,1
Fanta Soft Drink Orange 2000 Ml,00006700002164,COCA COLA,FANTA,CARBONATED SOFT DRINKS,Flavoured,2000,ml,1
Barrs Drink Irn Bru 500Ml 500 Ml,00005899701418,AG BARR,INR BRU,CARBONATED SOFT DRINKS,Flavoured,500,ml,1
Schweppe Ginger Ale Zero Sugar 1000 Ml,00001660001179,PEPSICO,SCHWEPPES,CARBONATED SOFT DRINKS,Cola,1000,ml,1
Annex Lemonade Saskatoon 355 Ml,00062850433318,ANNEX SODA,ANNEX,CARBONATED SOFT DRINKS,Flavoured,355,ml,1
Comp Cranberry Ginger Ale 355 Ml,00005574255291,PRIVATE LABEL,COMPLIMENTS,CARBONATED SOFT DRINKS,Tonic And Ales,355,ml,1
Comp Diet Cola Caffeine Free 355 Ml,00005574234574,PRIVATE LABEL,COMPLIMENTS,CARBONATED SOFT DRINKS,Cola,355,ml,1
Sprkmouth Sprklng Water Lemon 355 Ml,00081827801344,SPARKMOUTH,SPARKMOUTH,CARBONATED SOFT DRINKS,Tonic And Ales,355,ml,1
Canaddry Tonic Crft Prem 237 Ml,00006210002089,COCA COLA,CANADA DRY,CARBONATED SOFT DRINKS,Cola,237,ml,1
Dg Pineapple 355Ml 355 Ml,00085862901103,SHAH TRADING CO,DG,CARBONATED SOFT DRINKS,Ethnic,355,ml,1
Crush Cream Soda White Can 355 Ml,00005600002107,PEPSICO,CRUSH,CARBONATED SOFT DRINKS,Specialty,355,ml,1
Canaddry Gingerale 250 Ml,00006210001117,COCA COLA,CANADA DRY,CARBONATED SOFT DRINKS,Cola,250,ml,1
Comp Ginger Ale Diet 355Ml 355 Ml,00005574234581,PRIVATE LABEL,COMPLIMENTS,CARBONATED SOFT DRINKS,Tonic And Ales,355,ml,1
Jarritos Soft Drink Fruit Pnch 370 Ml,00009047842003,JARRITOS,JARRITOS,CARBONATED SOFT DRINKS,Flavoured,370,ml,1
Sparkmouth Sprklng Water Lime 355 Ml,00081827801345,SPARKMOUTH,SPARKMOUTH,CARBONATED SOFT DRINKS,Tonic And Ales,355,ml,1
Crystal Pepsi 591 Ml,00006900017000,PEPSICO,PEPSI CRYSTAL,CARBONATED SOFT DRINKS,Cola,591,ml,1
Phillips Soda Spitfire Gngrale 355 Ml,00081827801904,PHILLIPS BREWING,PHILLIPS,CARBONATED SOFT DRINKS,Flavoured,355,ml,1
Cocacola Zero Sugar 250 Ml,00006700001920,COCA COLA,COKE ZERO,CARBONATED SOFT DRINKS,Cola,250,ml,1
Pepsi Diet 355 Ml,00006900002078,PEPSICO,PEPSI DIET,CARBONATED SOFT DRINKS,Flavoured,355,ml,1
Crush Birch Beer 591Ml 591 Ml,00005600001547,PEPSICO,CRUSH,CARBONATED SOFT DRINKS,Flavoured,591,ml,1
Crush Soda Pineapple 2L 2000 Ml,00005600001347,PEPSICO,CRUSH,CARBONATED SOFT DRINKS,Flavoured,2000,ml,1
Big8 Soft Drink Pineapple 355 Ml,00006448010529,PRIVATE LABEL,BIG 8,CARBONATED SOFT DRINKS,Cola,355,ml,1
Pepsi Diet Pl 24X355Ml 355 Ml,00006900002124,PEPSICO,PEPSI DIET,CARBONATED SOFT DRINKS,Cola,355,ml,1
Sprite 250 Ml,00006700001921,COCA COLA,SPRITE,CARBONATED SOFT DRINKS,Cola,250,ml,1
Reeds Ginger Brew Extra 355 Ml,00003391901007,A LASSONDE,REEDS,CARBONATED SOFT DRINKS,Tonic And Ales,355,ml,1
Big8 Soda Big Up 355 Ml,00006448001303,PRIVATE LABEL,BIG 8,CARBONATED SOFT DRINKS,Cola,355,ml,1
Big8 Tonic Diet 355 Ml,00006448001808,PRIVATE LABEL,BIG 8,CARBONATED SOFT DRINKS,Cola,355,ml,1
Cocacola Soft Drink Bottle 300 Ml,00006700001805,COCA COLA,COCA COLA,CARBONATED SOFT DRINKS,Cola,300,ml,1
1642 Ginger Beer 750 Ml,00062805581928,1642 SODAS,1642,CARBONATED SOFT DRINKS,Cola,750,ml,1
Nestea Iced Tea 500 Ml,00005500018383,COCA COLA,NESTEA,CARBONATED SOFT DRINKS,Flavoured,500,ml,1
Sumol Passion Fruit Drink 1500 Ml,00068297801131,SUMOL,SUMOL,CARBONATED SOFT DRINKS,Ethnic,1500,ml,1
Jarritos Soft Drink Watermelon 370 Ml,00009047801262,JARRITOS,JARRITOS,CARBONATED SOFT DRINKS,Flavoured,370,ml,1
Sparkmth Ccmbr Mint Tonic Try 250 Ml,00081827801932,SPARKMOUTH,SPARKMOUTH,CARBONATED SOFT DRINKS,Tonic And Ales,250,ml,1
Marble Pop Original 200 Ml,00007441078811,MARBLE POP,MARBLE POP,CARBONATED SOFT DRINKS,Ethnic,200,ml,1
Popshopp Pineapple 355 Ml,00018000901007,REFRESCO NORTH AMERICA,POP SHOPPE,CARBONATED SOFT DRINKS,Flavoured,355,ml,1
Annex Root Beer 355 Ml,00062850433304,ANNEX SODA,ANNEX,CARBONATED SOFT DRINKS,Flavoured,355,ml,1
Schweppe Ginger Ale 355 Ml,00001660001121,PEPSICO,SCHWEPPES,CARBONATED SOFT DRINKS,Tonic And Ales,355,ml,1
Big8 Tonic Water 2000 Ml,00006448001142,PRIVATE LABEL,BIG 8,CARBONATED SOFT DRINKS,Tonic And Ales,2000,ml,1
Sprkmouth Sprklng Wtr Grpfrt 355 Ml,00081827801346,SPARKMOUTH,SPARKMOUTH,CARBONATED SOFT DRINKS,Tonic And Ales,355,ml,1
Jarritos Soft Drink Tamarind 370 Ml,00009047842002,JARRITOS,JARRITOS,CARBONATED SOFT DRINKS,Flavoured,370,ml,1
Canadadr Lemonade Ginger Ale 355 Ml,00006210001182,COCA COLA,CANADA DRY,CARBONATED SOFT DRINKS,Flavoured,355,ml,1
Crush Soda Orange 355 Ml,00005600001155,PEPSICO,CRUSH,CARBONATED SOFT DRINKS,Flavoured,355,ml,1
Jarritos Grapefruit Soft Drink 370 Ml,00009047842007,JARRITOS,JARRITOS,CARBONATED SOFT DRINKS,Ethnic,370,ml,1
Annex Ginger Beer 355 Ml,00062850433305,ANNEX SODA,ANNEX,CARBONATED SOFT DRINKS,Flavoured,355,ml,1
1642Toni Bev Sparkling Light 750 Ml,00062805581936,1642 SODAS,1642,CARBONATED SOFT DRINKS,Cola,750,ml,1
1642 Sparkling Beverage Yuzu 750 Ml,00062805581931,1642 SODAS,1642,CARBONATED SOFT DRINKS,Cola,750,ml,1
Mug Rootbeer 355Ml 355 Ml,00006900005050,PEPSICO,MUG,CARBONATED SOFT DRINKS,Flavoured,355,ml,1
Phillips Soda Daredevl Orngcrm 355 Ml,00081827801905,PHILLIPS BREWING,PHILLIPS,CARBONATED SOFT DRINKS,Flavoured,355,ml,1
Cocacola Diet 250 Ml,00006700001919,COCA COLA,DIET COKE,CARBONATED SOFT DRINKS,Cola,250,ml,1
Hata Ramune Soda Strawberry 200 Ml,00490249410015,HATA RAMUNE,HATA RAMUNE,CARBONATED SOFT DRINKS,Ethnic,200,ml,1
Coolrngs Energy Drink 250 Ml,00062491301727,UNIVERSAL IMPEX,COOL RUNNINGS,CARBONATED SOFT DRINKS,Ethnic,250,ml,1
Hata Ramune Soda Blueberry Flv 200 Ml,00490249412004,HATA RAMUNE,HATA RAMUNE,CARBONATED SOFT DRINKS,Ethnic,200,ml,1
Pepsi 591Ml 1 Ea,00021411401000,PEPSICO,PEPSI,CARBONATED SOFT DRINKS,Cola,519,ml,1
Crush Birch Beer 24X355Ml 355 Ml,00005600001664,PEPSICO,CRUSH,CARBONATED SOFT DRINKS,Flavoured,355,ml,1
Grace Soda Banana 355 Ml,00005527085232,GRACE FOODS,GRACE,CARBONATED SOFT DRINKS,Ethnic,355,ml,1
Sprkmuth Sprklng Wtr Grpfrt 355 Ml,00081827801337,SPARKMOUTH,SPARKMOUTH,CARBONATED SOFT DRINKS,Tonic And Ales,355,ml,1
Crush Soda Lime 591Ml 591 Ml,00005600001546,PEPSICO,CRUSH,CARBONATED SOFT DRINKS,Flavoured,591,ml,1
Crush Soda Lime 2L 2000 Ml,00005600001561,PEPSICO,CRUSH,CARBONATED SOFT DRINKS,Flavoured,2000,ml,1
Crush Soda Orange Diet 2L 2000 Ml,00005600001184,PEPSICO,CRUSH,CARBONATED SOFT DRINKS,Flavoured,2000,ml,1
Drpepper Diet 591Ml 591 Ml,00005490001036,PEPSICO,DR PEPPER,CARBONATED SOFT DRINKS,Flavoured,591,ml,1
Mountain Dew Diet Pet 2000 Ml,00006900003010,PEPSICO,MOUNTAIN DEW,CARBONATED SOFT DRINKS,Flavoured,2000,ml,1
Marble Pop Green Apple 200 Ml,00007441078813,MARBLE POP,MARBLE POP,CARBONATED SOFT DRINKS,Ethnic,200,ml,1
Muskoka Stone Ginger Beer 355 Ml,00062168063248,MUSKOKA BREWERY,MUSKOKA,CARBONATED SOFT DRINKS,Flavoured,355,ml,1
Barqs Softdrnk Cherry Bite 500 Ml,00006700001960,COCA COLA,BARQS,CARBONATED SOFT DRINKS,Cola,500,ml,1
Fanta Soft Drink Orange 355 Ml,00006700002156,COCA COLA,FANTA,CARBONATED SOFT DRINKS,Cola,355,ml,1
Kiri Soft Drink Strawberry 500 Ml,00077240316103,KIRI,KIRI,CARBONATED SOFT DRINKS,Flavoured,500,ml,1
Cocacola Diet 1000 Ml,00000000059483,COCA COLA,DIET COKE,CARBONATED SOFT DRINKS,Cola,1000,ml,1
Grace Soda Fruit Punch 355 Ml,00005527085230,GRACE FOODS,GRACE,CARBONATED SOFT DRINKS,Ethnic,355,ml,1
Mountdew 355 Ml,00006900003011,PEPSICO,MOUNTAIN DEW,CARBONATED SOFT DRINKS,Flavoured,355,ml,1
Drpepper Cans 355 Ml,00005490001029,PEPSICO,DR PEPPER,CARBONATED SOFT DRINKS,Flavoured,355,ml,1
Crush Soda Lime 24X355Ml 355 Ml,00005600001667,PEPSICO,CRUSH,CARBONATED SOFT DRINKS,Flavoured,355,ml,1
Stewarts Soda Orange Cream 355 Ml,00009879401051,KEURIG DR PEPPER,STEWARTS,CARBONATED SOFT DRINKS,Flavoured,355,ml,1
Fentiman Wild English Eldrflwr 275 Ml,00502939601030,FENTIMANS,FENTIMANS,CARBONATED SOFT DRINKS,Tonic And Ales,275,ml,1
Fanta Orange Pet Bottle 2000 Ml,00006700001449,COCA COLA,FANTA,CARBONATED SOFT DRINKS,Flavoured,2000,ml,1
Raspberry Cordial 355Ml 355 Ml,00005604136521,GLEN ECHO FINE FOODS,GLEN ECHO,CARBONATED SOFT DRINKS,Flavoured,355,ml,1
Muskoka Old Tyme Orange 355 Ml,00062168063239,MUSKOKA BREWERY,MUSKOKA,CARBONATED SOFT DRINKS,Flavoured,355,ml,1
Annex Craft Cola 355 Ml,00062850433350,ANNEX ALE PROJECT,ANNEX ALE,CARBONATED SOFT DRINKS,Tonic And Ales,355,ml,1
Stewarts Soda Key Lime 355 Ml,00009879401052,KEURIG DR PEPPER,STEWARTS,CARBONATED SOFT DRINKS,Flavoured,355,ml,1
Crush Cream Soda Sugar Free 2L 2000 Ml,00005600001305,PEPSICO,CRUSH,CARBONATED SOFT DRINKS,Specialty,2000,ml,1
Cott Cola Csd 8X2L 2000 Ml,00006150011983,REFRESCO NORTH AMERICA,COTT,CARBONATED SOFT DRINKS,Cola,2000,ml,1
Stewarts Soda Root Beer 355 Ml,00009879401050,KEURIG DR PEPPER,STEWARTS,CARBONATED SOFT DRINKS,Flavoured,355,ml,1
Cokacola Pop Cherry 330 Ml,00500011264064,OTHER MANUFACTURER,OTHER BRAND,CARBONATED SOFT DRINKS,Ethnic,330,ml,1
Cocacola Quebec Maple 355 Ml,00006700001913,COCA COLA,COCA COLA,CARBONATED SOFT DRINKS,Flavoured,355,ml,1
Sumol Orange Drink 1500 Ml,00068297801042,SUMOL,SUMOL,CARBONATED SOFT DRINKS,Ethnic,1500,ml,1
Sprkmuth Sprklng Wtr Strwbry 355 Ml,00081827801347,SPARKMOUTH,SPARKMOUTH,CARBONATED SOFT DRINKS,Tonic And Ales,355,ml,1
Jarritos Soft Drink Lime 1500 Ml,00009047801237,JARRITOS,JARRITOS,CARBONATED SOFT DRINKS,Tonic And Ales,1500,ml,1
Cocacola Bc Raspberry 355 Ml,00006700001534,COCA COLA,COCA COLA,CARBONATED SOFT DRINKS,Flavoured,355,ml,1
Popshopp Sft Drink Rocket Blst 355 Ml,00018000901041,REFRESCO NORTH AMERICA,POP SHOPPE,CARBONATED SOFT DRINKS,Flavoured,355,ml,1
Fevertre Soda Water 1200 Ml,00081213604021,TFB ASSOCIATES,FEVER TREE,CARBONATED SOFT DRINKS,Tonic And Ales,1200,ml,1
Orangina Soft Drink Rouge 330 Ml,00084981901174,KEURIG DR PEPPER,ORANGINA,CARBONATED SOFT DRINKS,Flavoured,330,ml,1
Big8 Tonic Water 355 Ml,00006448001807,PRIVATE LABEL,BIG 8,CARBONATED SOFT DRINKS,Cola,355,ml,1
7Up 355 Ml,00006540002021,PEPSICO,7 UP,CARBONATED SOFT DRINKS,Flavoured,355,ml,1
Soca Pineapple 400 Ml,00501439631271,SOCA,SOCA,CARBONATED SOFT DRINKS,Ethnic,400,ml,1
Cruzmalt Tea Mate 1000 G,00779007094329,OTHER MANUFACTURER,OTHER BRAND,CARBONATED SOFT DRINKS,Ethnic,1000,ml,1
Sumol Pineapple Drink 1500 Ml,00068297801013,SUMOL,SUMOL,CARBONATED SOFT DRINKS,Ethnic,1500,ml,1
Popshopp Root Beer 355 Ml,00018000901004,REFRESCO NORTH AMERICA,POP SHOPPE,CARBONATED SOFT DRINKS,Flavoured,355,ml,1
1642 Tonic Elderflower 750 Ml,00062805581937,1642 SODAS,1642,CARBONATED SOFT DRINKS,Cola,750,ml,1
Dads Root Beer 355 Ml,00083362701350,DADS SODA,DADS,CARBONATED SOFT DRINKS,Flavoured,355,ml,1
Muskoka Maple Cream Ale 355 Ml,00062168063242,MUSKOKA BREWERY,MUSKOKA,CARBONATED SOFT DRINKS,Specialty,355,ml,1
Grace Island Soda Papple Cocon 355 Ml,00005527072010,GRACE FOODS,GRACE,CARBONATED SOFT DRINKS,Ethnic,355,ml,1
Stewart Soda Black Cherry 355 Ml,00009879401049,KEURIG DR PEPPER,STEWARTS,CARBONATED SOFT DRINKS,Flavoured,355,ml,1
Canaddry Diet Crnbry Gingerale 355 Ml,00006210002068,COCA COLA,CANADA DRY,CARBONATED SOFT DRINKS,Cola,355,ml,1
Barqs Root Beer 355 Ml,00006700001915,COCA COLA,BARQS,CARBONATED SOFT DRINKS,Flavoured,355,ml,1
Canaddry Tonic Wtr Crft Prm Lg 237 Ml,00006210002097,COCA COLA,CANADA DRY,CARBONATED SOFT DRINKS,Cola,237,ml,1
Fentiman Soda Tonic Water 275 Ml,00502939601025,FENTIMANS,FENTIMANS,CARBONATED SOFT DRINKS,Tonic And Ales,275,ml,1
Stewarts Soda Cream 355 Ml,00009879401048,KEURIG DR PEPPER,STEWARTS,CARBONATED SOFT DRINKS,Specialty,355,ml,1
Jarritos Soft Drink Mandarin 1500 Ml,00009047801236,JARRITOS,JARRITOS,CARBONATED SOFT DRINKS,Tonic And Ales,1500,ml,1
Schwepps Ginger Ale 355Ml 355 Ml,00001660001087,PEPSICO,SCHWEPPES,CARBONATED SOFT DRINKS,Tonic And Ales,355,ml,1
Jarritos Soft Drink Mango 1500 Ml,00009047801628,JARRITOS,JARRITOS,CARBONATED SOFT DRINKS,Tonic And Ales,1500,ml,1
